Date,Coord-System,Altitude,Latitude,Longitude,D_deg,D_min,I_deg,I_min,H_nT,X_nT,Y_nT,Z_nT,F_nT,dD_min,dI_min,dH_nT,dX_nT,dY_nT,dZ_nT,dF_nT
2017,D,K600,53.5528727470779,53.8468457106948,9d,16m,70d,18m,13964.3,13782.3,2246.9,39009.4,41433.4,5.2,2.3,-15.3,-18.5,18.3,38.9,31.5
2017,D,K600,57.1599606807422,51.9911008781916,10d,44m,72d,40m,12496.7,12278.2,2326.6,40057.7,41961.7,5.9,2.2,-16.8,-20.6,18,35.8,29.2
2017,D,K600,60.7393011211777,49.7908409303198,12d,10m,74d,47m,11119.8,10870.2,2343.1,40875,42360.5,7,2.1,-17.9,-22.3,18.2,32.2,26.4
2017,D,K600,64.2806221411087,47.1052662536547,13d,25m,76d,39m,9845.1,9576.2,2285.4,41493.3,42645.3,8.4,2,-18.3,-23.4,19,28.3,23.3
2017,D,K600,67.7672169285629,43.7104731062855,14d,16m,78d,19m,8679.1,8411.3,2139.6,41948.9,42837.3,10.2,1.8,-18.1,-23.9,20.5,24.1,19.9
2017,D,K600,71.1702850258981,39.2330229266399,14d,19m,79d,47m,7621.9,7384.9,1885.7,42281.2,42962.6,12.7,1.6,-17.2,-23.7,23,19.7,16.4
2017,D,K600,74.4367212369969,33.0191823590781,12d,56m,81d,5m,6666.8,6497.6,1492.4,42531.3,43050.6,16,1.4,-15.7,-22.3,26.6,15.2,12.5
2017,D,K600,77.4612247561731,23.8874532204983,9d,1m,82d,16m,5801.9,5730.2,908.9,42738.9,43130.9,20.4,1.2,-13.5,-18.8,31.7,10.2,8.3
2017,D,K600,80.0233300489539,9.80882161684817,0d,47m,83d,20m,5013.3,5012.8,68.2,42938.5,43230.2,26.1,0.8,-10.2,-10.9,37.8,4.8,3.6
2017,D,K600,81.6859141110749,-11.4653193232273,-13d,28m,84d,19m,4291.4,4173.5,-999,43155.9,43368.7,33.5,0.4,-5.3,4.3,41.9,-1.4,-1.9
2017,D,K600,81.8778026938461,-37.8092269767592,-30d,33m,85d,12m,3641.4,3136.1,-1850.5,43404.3,43556.8,42.4,-0.2,2.2,24.5,37.7,-8.5,-8.3
2017,D,K600,80.5099415082924,-60.74761508461,-40d,18m,85d,56m,3103.9,2367.2,-2007.8,43682.1,43792.3,50.3,-1.2,13.9,39.8,26,-16.7,-15.6
2017,D,K600,78.1089675364651,-76.3338985350439,-37d,11m,86d,22m,2788,2221.4,-1684.8,43970.4,44058.7,48.7,-2.4,29.6,47.5,14.1,-25.8,-23.8
2017,D,K600,75.1680852583207,-86.3932501407806,-24d,39m,86d,18m,2863.6,2602.8,-1194,44232.7,44325.3,29.5,-3.6,44,50.3,4.4,-35.5,-32.6
2017,D,K600,71.9487623679261,-93.1496299567431,-11d,6m,85d,35m,3425.5,3361.4,-659.8,44417.5,44549.4,6.3,-4.1,49.9,50.2,-3.3,-45.6,-41.6
2017,D,K600,68.5755089713324,-97.9556500750737,-1d,33m,84d,20m,4406.2,4404.6,-119.8,44462.5,44680.3,-6.4,-4.1,47.9,47.6,-9.6,-55.5,-50.4
2017,D,K600,65.1101181837703,-101.559645135825,4d,9m,82d,41m,5685.1,5670.2,411.4,44302.3,44665.6,-10.8,-3.8,41.9,43.1,-14.9,-64.5,-58.6
2017,D,K600,61.5855370044748,-104.38484166318,7d,25m,80d,44m,7162.5,7102.7,923.7,43877.2,44457.9,-11.5,-3.5,34,36.7,-19.5,-72.1,-65.7
2017,D,K600,58.0205862338286,-106.682113771469,9d,15m,78d,32m,8757.5,8643.8,1406.7,43142.3,44022.2,-10.8,-3.1,24.9,29,-23.3,-77.9,-71.4
2017,D,K600,54.4266797696906,-108.607551803335,10d,15m,76d,7m,10397.9,10232,1849.8,42074.1,43339.9,-9.8,-2.7,15.2,20.2,-26.5,-81.4,-75.4
2017,D,K600,50.8111041770593,-110.262639176013,10d,45m,73d,32m,12019.5,11808.2,2243.5,40672.6,42411.4,-8.7,-2.3,5.2,10.8,-29.1,-82.5,-77.6
2017,D,K600,47.1787259669428,-111.715951847755,10d,58m,70d,48m,13569.4,13321.8,2580.6,38959.7,41255.2,-7.8,-1.9,-4.5,1.4,-31.1,-81.1,-78.1
2017,D,K600,43.5329326196281,-113.015416845605,10d,58m,67d,54m,15010,14735.6,2857.2,36972.9,39903.6,-7,-1.4,-13.7,-7.7,-32.6,-77.3,-76.8
2017,D,K600,39.8761775010114,-114.19553747835,10d,51m,64d,51m,16320.2,16028.3,3073.1,34757.2,38398.1,-6.3,-0.9,-21.9,-15.9,-33.6,-71.6,-74.1
2017,D,K600,36.2103089622478,-115.281818996804,10d,39m,61d,36m,17493.9,17192.8,3231.5,32357.3,36783.6,-5.8,-0.5,-28.9,-23,-34.2,-64.1,-70.1
2017,D,K600,32.5367762850763,-116.293574711274,10d,23m,58d,8m,18536,18232.9,3338.5,29811.4,35104.2,-5.3,0,-34.4,-28.7,-34.4,-55.4,-65.2
2017,D,K600,28.8567624146659,-117.245761374176,10d,4m,54d,22m,19457.1,19157.3,3402.7,27148,33400.5,-4.9,0.5,-38.5,-33,-34.1,-45.9,-59.7
2017,D,K600,25.1712715595811,-118.150214127128,9d,45m,50d,16m,20268,19975,3434.1,24386.8,31709.7,-4.6,0.9,-41,-35.9,-33.6,-36.1,-54
2017,D,K600,21.4811879839614,-119.016499680476,9d,27m,45d,46m,20976.5,20691.8,3444.3,21540.5,30066.7,-4.3,1.3,-42.1,-37.3,-32.7,-26.4,-48.3
2017,D,K600,17.7873159160504,-119.852520917632,9d,11m,40d,47m,21585.5,21308.7,3445.6,18619,28506.2,-4,1.7,-42,-37.4,-31.6,-17.2,-43
2017,D,K600,14.0904067312612,-120.664956566468,8d,59m,35d,17m,22093.5,21822.4,3450.3,15632.7,27064.8,-3.8,2.1,-40.8,-36.5,-30.4,-8.7,-38.4
2017,D,K600,10.3911773966425,-121.459589859287,8d,52m,29d,15m,22496.6,22227.3,3470.2,12594.6,25782.2,-3.6,2.4,-38.9,-34.9,-29,-1.3,-34.6
2017,D,K600,6.69032289734279,-122.241562094898,8d,52m,22d,40m,22791.2,22518.4,3515.5,9520.5,24699.8,-3.3,2.6,-36.5,-32.7,-27.5,5.1,-31.7
2017,D,K600,2.98852453817356,-123.015575778086,9d,0m,15d,38m,22975.8,22692.9,3594.3,6428.8,23858.2,-3.1,2.8,-34,-30.3,-26,10.4,-29.9
2017,D,K600,-0.713544455345786,-123.78606501286,9d,16m,8d,14m,23052.5,22751.6,3712.3,3337.5,23292.8,-2.9,2.8,-31.5,-27.9,-24.5,14.6,-29
2017,D,K600,-4.41521496720332,-124.557346601977,9d,41m,0d,39m,23026.6,22698.7,3872,262.6,23028.1,-2.7,2.8,-29.3,-25.8,-23,18.1,-29.1
2017,D,K600,-8.11581866735344,-125.333762898528,10d,15m,-6d,56m,22905.5,22540.4,4073.6,-2783.3,23074,-2.6,2.6,-27.5,-24.1,-21.6,20.9,-29.8
2017,D,K600,-11.8146845475386,-126.11982643295,10d,58m,-14d,19m,22696.7,22282.8,4314.9,-5791.2,23423.9,-2.4,2.4,-26.2,-22.8,-20.2,23.3,-31.2
2017,D,K600,-15.5111344200045,-126.920376593657,11d,50m,-21d,20m,22406.4,21930.8,4591.7,-8754.6,24055.9,-2.1,2.1,-25.5,-22.1,-18.9,25.7,-33
2017,D,K600,-19.2044764362327,-127.740760047378,12d,51m,-27d,54m,22038.7,21487.3,4899,-11667.7,24936.7,-1.9,1.8,-25.1,-21.7,-17.5,28.1,-35.3
2017,D,K600,-22.8939954115159,-128.587049616259,14d,1m,-33d,55m,21596.7,20953.6,5230.9,-14523.8,26026.1,-1.6,1.6,-24.9,-21.7,-16,30.9,-37.9
2017,D,K600,-26.5789384375836,-129.466321416755,15d,21m,-39d,24m,21083,20330.7,5582,-17314.5,27281.6,-1.3,1.3,-24.8,-21.8,-14.4,34,-40.8
2017,D,K600,-30.2584935867624,-130.387018291045,16d,52m,-44d,20m,20501.9,19620.2,5947.6,-20030.5,28662.7,-1,1.2,-24.6,-21.9,-12.7,37.6,-43.9
2017,D,K600,-33.9317586177676,-131.359440856969,18d,34m,-48d,46m,19859,18825.1,6324.1,-22663.2,30133,-0.6,1.1,-24.1,-21.8,-10.8,41.7,-47.2
2017,D,K600,-37.597695021091,-132.396428988033,20d,30m,-52d,45m,19161.2,17948.3,6708.8,-25205.7,31662,-0.1,1,-23.1,-21.4,-8.8,46,-50.6
2017,D,K600,-41.2550601227464,-133.514331936389,22d,41m,-56d,20m,18414.7,16991,7099.8,-27654.6,33224.6,0.3,1.1,-21.5,-20.5,-6.7,50.6,-54
2017,D,K600,-44.9023054813417,-134.73442528944,25d,10m,-59d,35m,17622.7,15949.7,7494.5,-30008.1,34800.1,0.8,1.1,-19.1,-19,-4.4,55.2,-57.2
2017,D,K600,-48.5374218802612,-136.085037054568,28d,2m,-62d,31m,16784.4,14814.7,7889.3,-32264.4,36369.1,1.3,1.3,-15.9,-16.9,-2,59.6,-60.2
2017,D,K600,-52.1576967508832,-137.604832240936,31d,23m,-65d,13m,15894.8,13568.9,8278.4,-34418,37911,1.7,1.4,-11.8,-14.1,0.5,63.5,-62.6
2017,D,K600,-55.7593222356309,-139.348053159577,35d,22m,-67d,42m,14947.7,12188.5,8652.9,-36456.2,39401.6,2,1.7,-6.8,-10.6,3.1,66.7,-64.3
2017,D,K600,-59.3367375209038,-141.393184833859,40d,13m,-70d,2m,13940.1,10645.6,8999.9,-38357,40811.6,2.1,1.9,-1.1,-6.4,5.8,68.8,-65.1
2017,D,K600,-62.8814747505123,-143.857866451261,46d,14m,-72d,11m,12878.9,8909.3,9300,-40089,42106.9,2,2.1,5.1,-1.9,8.9,69.7,-64.8
2017,D,K600,-66.3800255914698,-146.925690611819,53d,53m,-74d,11m,11788.5,6947.8,9523.5,-41612.8,43250.4,1.5,2.4,11.5,2.7,12.3,69,-63.3
2017,D,K600,-69.8096542539291,-150.896566745838,63d,50m,-75d,58m,10717.5,4725.7,9619.3,-42886,44204.9,0.3,2.6,17.6,6.9,16.1,66.6,-60.4
2017,D,K600,-73.1296190816497,-156.284952953502,76d,57m,-77d,29m,9743.7,2200.4,9492,-43867.5,44936.6,-1.8,2.7,22.4,10,20.7,62.5,-56.1
2017,D,K600,-76.261549320053,-164.011411700551,94d,20m,-78d,37m,8970.4,-677.8,8944.8,-44524.5,45419.1,-4.9,2.7,25.1,10.9,26,56.6,-50.5
2017,D,K600,-79.0442791172359,-175.719523680879,117d,20m,-79d,16m,8504.6,-3905.1,7555.1,-44836.4,45635.8,-8.7,2.5,24.6,7.9,31.7,49.3,-43.8
2017,D,K600,-81.1433567249969,166.188504586377,147d,22m,-79d,22m,8412.8,-7084.2,4537.4,-44798.6,45581.7,-12.1,2.1,21,-1.6,36.2,40.8,-36.3
2017,D,K600,-82.0015843381657,141.199499721535,-176d,25m,-78d,57m,8680.1,-8663,-543.1,-44423.9,45264,-14,1.6,15.3,-17.4,34.4,31.7,-28.2
2017,D,K600,-81.2458498460423,115.900376725761,-141d,33m,-78d,6m,9215.3,-7216.6,-5730.8,-43740.6,44700.8,-14.4,1.1,9.4,-31.3,24.5,22.5,-20.1
2017,D,K600,-79.2094249463824,97.3048570429337,-115d,20m,-76d,59m,9896.6,-4235.2,-8944.6,-42789.9,43919.5,-13.8,0.6,4.3,-37.6,13.2,13.5,-12.2
2017,D,K600,-76.4573039796536,85.2469071800423,-97d,25m,-75d,42m,10614.1,-1370.5,-10525.3,-41621.7,42953.7,-12.6,0.1,0.5,-38.8,4.7,5.1,-4.8
2017,D,K600,-73.3393927816206,77.3143427129841,-85d,1m,-74d,21m,11287.5,981.4,-11244.8,-40290.2,41841.4,-11.4,-0.2,-2.3,-37.6,-0.9,-2.6,1.9
2017,D,K600,-70.0251079466827,71.8036118565716,-76d,3m,-73d,1m,11866.9,2860.6,-11517,-38850.4,40622.3,-10.3,-0.6,-4.2,-35.6,-4.4,-9.6,7.9
2017,D,K600,-66.5965600747271,67.7566209671182,-69d,17m,-71d,44m,12327.8,4362.5,-11530,-37354.6,39336.2,-9.3,-0.9,-5.7,-33.3,-6.5,-16,13.4
2017,D,K600,-63.0962380019234,64.6389966916326,-63d,54m,-70d,33m,12665.2,5570.8,-11374.3,-35849.9,38021.4,-8.5,-1.2,-6.9,-31,-7.5,-22,18.5
2017,D,K600,-59.5477559582248,62.1402268987725,-59d,26m,-69d,27m,12889.6,6555,-11098.4,-34375.6,36712.8,-7.7,-1.6,-7.7,-28.7,-8,-27.9,23.4
2017,D,K600,-55.965100882326,60.0708405856721,-55d,30m,-68d,27m,13022.4,7376.6,-10731.7,-32961.4,35440.6,-7,-1.9,-8.1,-26.3,-8.2,-33.8,28.5
2017,D,K600,-52.3570232771328,58.3097832175143,-51d,50m,-67d,31m,13092.9,8091.7,-10293.2,-31625.1,34228.2,-6.2,-2.3,-7.9,-23.4,-8.3,-39.7,33.7
2017,D,K600,-48.7292651201867,56.7764951861115,-48d,13m,-66d,37m,13135.7,8752.4,-9795,-30372.8,33091.6,-5.4,-2.5,-6.7,-19.8,-8.7,-45.4,39
2017,D,K600,-45.0857606060746,55.4154225944713,-44d,30m,-65d,42m,13188.4,9406.3,-9244.2,-29198.8,32039.1,-4.5,-2.6,-4.3,-15,-9.2,-50.4,44.1
2017,D,K600,-41.4293182381863,54.1870413730511,-40d,34m,-64d,41m,13290.8,10095.8,-8644,-28087.1,31073,-3.5,-2.6,-0.6,-9.2,-9.9,-54.1,48.6
2017,D,K600,-37.7620261811917,53.0624429944952,-36d,22m,-63d,28m,13484.2,10857.7,-7995.8,-27012.5,30191,-2.5,-2.4,4.5,-2.3,-10.6,-55.9,52
2017,D,K600,-34.0855024912902,52.0199484805897,-31d,55m,-61d,58m,13810.7,11723,-7301.2,-25941.3,29388.5,-1.7,-2,10.4,5.3,-11.3,-55.4,53.8
2017,D,K600,-30.4010545774655,51.042921103268,-27d,18m,-60d,3m,14310.4,12716.1,-6564.2,-24831.5,28660,-1,-1.4,16.9,13.1,-11.6,-52.1,53.6
2017,D,K600,-26.7097834144185,50.11831124027,-22d,42m,-57d,34m,15015.6,13853,-5793.3,-23632.8,27999.6,-0.6,-0.6,23.2,20.4,-11.3,-46,51.3
2017,D,K600,-23.0126529311512,49.2356617383207,-18d,17m,-54d,25m,15943,15138.2,-5001.4,-22286.7,27402.1,-0.3,0.2,28.5,26.6,-10.3,-37.5,47.1
2017,D,K600,-19.3105367953754,48.3864102857127,-14d,15m,-50d,30m,17086.3,16560.6,-4205.9,-20730.2,26864.1,-0.1,1,32.3,31.1,-8.4,-27.1,41.4
2017,D,K600,-15.6042501285337,47.5633874394216,-10d,43m,-45d,45m,18412.5,18090.9,-3426.4,-18900.9,26386.8,0.1,1.8,34.1,33.7,-5.6,-15.5,34.9
2017,D,K600,-11.8945710001329,46.7604456433572,-7d,46m,-40d,8m,19862.7,19680.8,-2682,-16745.1,25979.3,0.4,2.5,34,34,-2.1,-3.7,28.4
2017,D,K600,-8.18225487496454,45.9721767519686,-5d,21m,-33d,40m,21357.8,21264.9,-1989.8,-14226.1,25662,0.8,3.2,32.1,32.4,2,7.3,22.7
2017,D,K600,-4.46804427924828,45.1936892251024,-3d,25m,-26d,25m,22807.4,22766.7,-1362,-11331.6,25467.3,1.2,3.8,28.7,29.2,6.5,16.8,18.3
2017,D,K600,-0.752675205074431,44.4204247326054,-1d,55m,-18d,31m,24119.8,24106.3,-806.2,-8077.6,25436.4,1.7,4.2,24.5,24.9,11.1,24.3,15.5
2017,D,K600,2.96311852055487,43.6479990728663,0d,-44m,-10d,8m,25210.8,25208.7,-324.8,-4508.8,25610.8,2.1,4.4,19.9,20.1,15.4,29.7,14.4
2017,D,K600,6.67860196356985,42.8720554534898,0d,11m,-1d,32m,26012.1,26012,83.7,-695.1,26021.4,2.6,4.4,15.5,15.4,19.4,32.8,14.6
2017,D,K600,10.3930360212827,42.088119666911,0d,55m,7d,3m,26476.1,26472.7,423.8,3274.2,26677.8,2.9,4.2,11.7,11.4,22.7,34.2,15.9
2017,D,K600,14.1056737531203,41.291446907497,1d,31m,15d,21m,26579.5,26570.2,702.1,7299.3,27563.5,3.2,3.8,8.8,8.2,25.3,34.3,17.6
2017,D,K600,17.8157551079398,40.4768490315153,2d,1m,23d,12m,26323.6,26307.3,926.2,11278.6,28638.1,3.5,3.4,6.9,5.9,27.2,33.6,19.6
2017,D,K600,21.5224989204564,39.638488561179,2d,28m,30d,26m,25733.4,25709.7,1104.4,15117.6,29845.4,3.8,2.9,5.7,4.4,28.5,32.7,21.5
2017,D,K600,25.225090718864,38.769621416423,2d,52m,37d,1m,24852.4,24821.2,1244.9,18736.9,31124.2,4,2.5,5.1,3.6,29.4,32,23.3
2017,D,K600,28.9226643731082,37.8622632639587,3d,16m,42d,56m,23737.6,23698.9,1355.2,22078.3,32417.9,4.3,2.1,4.7,3,29.8,31.5,24.9
2017,D,K600,32.6142748069134,36.906742857256,3d,41m,48d,12m,22451.2,22404.8,1441.7,25106.8,33680.9,4.6,1.8,4.4,2.5,30.1,31.5,26.4
2017,D,K600,36.2988576703324,35.8910872908256,4d,7m,52d,52m,21053.5,20999.4,1508.6,27810,34880.4,4.9,1.6,3.9,1.7,30.3,31.7,27.7
2017,D,K600,39.9751696818179,34.8001537062874,4d,34m,57d,1m,19597.3,19535.2,1558.4,30193.8,35996.1,5.3,1.4,3.1,0.6,30.4,32.1,28.6
2017,D,K600,43.641699460513,33.6143710788994,5d,2m,60d,41m,18124.2,18054.3,1590.7,32276.4,37016.9,5.8,1.3,1.8,-0.9,30.6,32.3,29.1
2017,D,K600,47.2965321205293,32.3078680110069,5d,31m,63d,57m,16665,16587.8,1603,34082.6,37938.7,6.4,1.3,0.3,-2.7,30.8,32.2,29.1
2017,D,K600,50.937138770321,30.8456063853819,5d,59m,66d,51m,15240.8,15157.6,1590.1,35639.8,38761.8,7.1,1.2,-1.5,-4.7,31,31.6,28.5
2017,D,K600,54.5600395558594,29.178853748617,6d,24m,69d,27m,13865.6,13779.3,1544.5,36976,39490.2,7.9,1.2,-3.3,-6.8,31.2,30.4,27.3
2017,D,K600,58.1602446695742,27.2377788535148,6d,40m,71d,47m,12547.4,12462.6,1456.7,38120.2,40132.1,8.9,1.2,-5.1,-8.8,31.5,28.5,25.5
2017,D,K600,61.7302869837738,24.9188647465616,6d,41m,73d,54m,11289,11212.2,1315,39101.7,40698.8,10.1,1.2,-6.7,-10.6,32,26,23.1
2017,D,K600,65.2584626322316,22.0625812126802,6d,18m,75d,50m,10087.4,10026.5,1106.4,39950.4,41204.3,11.5,1.1,-8,-11.8,32.8,22.8,20.1
2017,D,K600,68.725441578367,18.4119571160031,5d,15m,77d,37m,8933.9,8896.5,816.4,40694.2,41663.4,13.5,1.1,-9,-12.2,34,18.9,16.5
2017,D,K600,72.0973012706757,13.532463495219,3d,9m,79d,18m,7815.8,7804.1,428.7,41357.2,42089.2,16.1,1,-9.3,-11.3,35.9,14.4,12.4
2017,D,K600,75.3102201738228,6.6543124789145,0d,-38m,80d,54m,6719.2,6718.8,-74.3,41957.6,42492.2,19.7,0.8,-8.7,-8.4,38.5,9.2,7.7
2017,D,K600,78.2352256460057,-3.61297965455165,-7d,11m,82d,27m,5631.6,5587.4,-704.1,42507.9,42879.3,24.9,0.6,-6.9,-1.9,41.3,3.3,2.4
2017,D,K600,80.6015940623274,-19.5287861448303,-18d,6m,83d,58m,4546.2,4321.1,-1412.9,43014.1,43253.6,32.7,0.2,-3.2,10.2,42.1,-3.1,-3.4
2017,D,K600,81.9054421924752,-42.7899302616384,-33d,33m,85d,26m,3471.3,2893.2,-1918.2,43476.2,43614.6,44.8,-0.4,4,28.1,35.6,-9.9,-9.6
2017,D,K600,81.6353622594995,-69.063778447607,-44d,60m,86d,47m,2466.1,1743.9,-1743.6,43886.4,43955.6,60.9,-1.5,17.9,43.5,18.7,-17.1,-16.1
2017,D,K600,79.917448309197,-89.9765011675119,-34d,11m,87d,41m,1788.3,1479.3,-1004.8,44225.8,44262,51.4,-3.3,41.1,49.2,-0.4,-24.4,-22.7
2017,D,K600,77.3273512088155,-103.759072797952,-4d,25m,87d,24m,2023.2,2017.1,-156,44462.2,44508.2,-19.1,-3.9,49.5,48.4,-15.3,-31.5,-29.2
2017,D,K600,74.290329377403,-112.712349410658,11d,41m,85d,60m,3115.6,3051.1,630.7,44548.7,44657.5,-37.8,-3.2,38.8,44.9,-26.1,-38.3,-35.4
2017,D,K600,71.0191547182875,-118.821685519107,16d,55m,84d,6m,4592.9,4394,1336.8,44428.6,44665.4,-32.9,-2.5,28.6,40,-34.1,-44.4,-41.2
2017,D,K600,67.6155783946278,-123.235427984147,18d,20m,81d,55m,6257.3,5939.8,1967.8,44043,44485.3,-26.6,-2.1,20.3,34.3,-39.8,-49.6,-46.3
2017,D,K600,64.1310813689058,-126.589342203741,18d,22m,79d,31m,8016.3,7608.3,2524.9,43342.6,44077.7,-21.6,-1.8,13,28,-43.8,-53.8,-50.5
2017,D,K600,60.5936687693627,-129.247405541298,17d,52m,76d,58m,9796.3,9324.1,3004.8,42298.2,43417.8,-17.7,-1.5,6.2,21.2,-46.2,-56.7,-53.9
2017,D,K600,57.0196239191451,-131.428368923604,17d,10m,74d,16m,11528.1,11014.7,3402.1,40907.4,42500.8,-14.7,-1.3,-0.4,14.1,-47.3,-58.3,-56.2
2017,D,K600,53.4189726288611,-133.270091700349,16d,24m,71d,27m,13151.8,12616.8,3713.2,39195.5,41343.1,-12.3,-1,-6.7,6.8,-47.2,-58.4,-57.5
2017,D,K600,49.79820015007,-134.863223715903,15d,37m,68d,33m,14623.2,14083,3937.9,37209.8,39980.1,-10.4,-0.8,-12.8,-0.5,-46.1,-56.9,-57.6
2017,D,K600,46.1616893637478,-136.269627841218,14d,51m,65d,33m,15918.8,15386.8,4080.8,35010.7,38459.8,-8.8,-0.5,-18.6,-7.5,-44.3,-53.8,-56.7
2017,D,K600,42.5125251422398,-137.532914988927,14d,6m,62d,27m,17036.1,16522.7,4150.9,32660.8,36836.9,-7.5,-0.2,-23.8,-14,-41.9,-49.3,-54.7
2017,D,K600,38.8529660490196,-138.684723126828,13d,22m,59d,14m,17991,17503.3,4160.5,30215.5,35166,-6.4,0.2,-28.3,-19.8,-39.1,-43.3,-51.7
2017,D,K600,35.1847323517421,-139.74860207113,12d,40m,55d,50m,18811.3,18353.6,4124.2,27716.6,33497.4,-5.5,0.6,-31.9,-24.6,-36.1,-36.2,-47.9
2017,D,K600,31.5091879675926,-140.742498905727,11d,59m,52d,13m,19531,19104.9,4057.6,25189.3,31874.2,-4.7,1.1,-34.5,-28.3,-33,-28.3,-43.5
2017,D,K600,27.8274586280716,-141.680396934818,11d,22m,48d,17m,20183.9,19788.4,3976.2,22641.2,30331.8,-4,1.6,-36,-30.7,-29.9,-19.8,-38.8
2017,D,K600,24.1405102893566,-142.573426803281,10d,48m,43d,58m,20797.9,20430,3894.6,20065.1,28899.1,-3.4,2,-36.4,-31.9,-26.9,-11.3,-34
2017,D,K600,20.4492019038391,-143.430639652513,10d,18m,39d,12m,21390.8,21045.8,3826.3,17442.2,27600.7,-2.9,2.5,-35.6,-31.9,-23.9,-3.1,-29.5
2017,D,K600,16.7543212571628,-144.259558975827,9d,55m,33d,53m,21968.1,21640,3782.7,14748.6,26459.8,-2.4,3,-34,-30.8,-21,4.5,-25.7
2017,D,K600,13.0566092897581,-145.06658492223,9d,39m,27d,58m,22522.6,22204.2,3773.5,11961,25501.6,-2,3.3,-31.7,-29.1,-18.3,11.2,-22.7
2017,D,K600,9.35677654591647,-145.857299094611,9d,31m,21d,29m,23036,22719.5,3805.5,9062.7,24754.6,-1.7,3.7,-29,-26.8,-15.7,16.9,-20.8
2017,D,K600,5.65551419426594,-146.636702023668,9d,31m,14d,26m,23483.6,23160.3,3883,6047.5,24249.7,-1.3,3.9,-26.2,-24.3,-13.3,21.4,-20
2017,D,K600,1.95350140497035,-147.409405704956,9d,41m,6d,59m,23838.3,23499.1,4007.1,2921.9,24016.7,-1,4,-23.5,-21.9,-11,25,-20.2
2017,D,K600,-1.7485896457027,-148.179797488963,9d,59m,0d,-42m,24075.5,23710.5,4176.4,-296.4,24077.4,-0.8,3.9,-21,-19.8,-8.9,27.7,-21.3
2017,D,K600,-5.45009006434366,-148.952187907767,10d,27m,-8d,26m,24176.2,23775,4386.3,-3580.9,24440,-0.5,3.8,-18.9,-17.9,-7,29.8,-23.1
2017,D,K600,-9.15033095475344,-149.730953077855,11d,4m,-15d,57m,24127.9,23679.4,4630.3,-6899.4,25094.9,-0.3,3.5,-17.2,-16.5,-5.2,31.4,-25.2
2017,D,K600,-12.8486397257195,-150.52068167,11d,49m,-23d,8m,23925.1,23417.8,4900.5,-10217.4,26015.5,0,3.2,-15.9,-15.5,-3.5,32.8,-27.5
2017,D,K600,-16.544335108228,-151.326336944141,12d,43m,-29d,48m,23568.9,22990.8,5188.1,-13500.7,27161.8,0.2,2.8,-14.9,-14.8,-1.9,34,-29.8
2017,D,K600,-20.2367198612855,-152.153446269796,13d,45m,-35d,56m,23066.2,22404.5,5485.2,-16716.7,28486.8,0.4,2.4,-14.1,-14.4,-0.4,35.1,-32
2017,D,K600,-23.9250698904388,-153.008333990079,14d,57m,-41d,29m,22429,21670.2,5784.6,-19837.2,29942.9,0.7,2.1,-13.4,-14.1,1,36.4,-34.1
2017,D,K600,-27.6086181193676,-153.898419392494,16d,18m,-46d,30m,21673.4,20802.7,6081.5,-22840,31486.5,1,1.8,-12.8,-14.1,2.5,37.7,-36.2
2017,D,K600,-31.2865306948305,-154.832610960537,17d,50m,-51d,0m,20817,19817.6,6372.7,-25710.2,33081.1,1.3,1.6,-12.1,-14,4,39.2,-38.1
2017,D,K600,-34.9578721278596,-155.821843222311,19d,34m,-55d,3m,19876.7,18728.9,6656.6,-28441,34698.3,1.7,1.4,-11.4,-14,5.5,40.9,-40
2017,D,K600,-38.6215540783143,-156.879827214809,21d,34m,-58d,42m,18864.9,17545,6932.2,-31031.6,36315.9,2.1,1.3,-10.3,-13.9,7.1,42.8,-41.9
2017,D,K600,-42.2762595073658,-158.024126470657,23d,52m,-62d,1m,17787.8,16266.4,7198,-33484.3,37915.7,2.6,1.2,-8.8,-13.5,8.8,45,-43.8
2017,D,K600,-45.9203286139566,-159.277740198559,26d,35m,-65d,4m,16645.4,14884.7,7450.8,-35798.8,39479.4,3.1,1.2,-6.7,-12.8,10.5,47.3,-45.7
2017,D,K600,-49.5515836647481,-160.671497613268,29d,52m,-67d,53m,15433.2,13384,7684.6,-37968.8,40985.5,3.7,1.3,-3.8,-11.6,12.5,49.6,-47.4
2017,D,K600,-53.1670524617429,-162.247789005206,33d,54m,-70d,31m,14147.7,11743.7,7889.4,-39977.5,42407,4.3,1.4,0,-9.8,14.6,51.7,-48.7
2017,D,K600,-56.7625170369742,-164.066575775667,38d,60m,-72d,59m,12792.4,9942.2,8049.8,-41796.6,43710.4,4.8,1.6,4.9,-7.5,17,53.3,-49.5
2017,D,K600,-60.3317473008828,-166.215435598807,45d,39m,-75d,18m,11387.7,7960.9,8142.7,-43387.2,44856.8,5.2,1.8,10.7,-4.8,19.6,54.1,-49.6
2017,D,K600,-63.8651376004751,-168.827053188801,54d,34m,-77d,25m,9982.9,5788,8133.7,-44702.3,45803.4,5,2.1,17.2,-1.9,22.5,53.8,-48.8
2017,D,K600,-67.3471458537731,-172.111050888008,66d,46m,-79d,15m,8672.7,3420.5,7969.7,-45691.6,46507.4,3.8,2.4,23.8,0.6,25.6,52.3,-46.9
2017,D,K600,-70.751176786221,-176.414513281215,83d,27m,-80d,40m,7613.9,867.9,7564.2,-46307.1,46928.9,0.5,2.7,29,2.1,29,49.4,-44.1
2017,D,K600,-74.0286513753262,177.659258694611,105d,13m,-81d,26m,7012.5,-1839.9,6766.8,-46510.2,47035.9,-5.1,2.7,30.7,2,32.3,45.4,-40.3
2017,D,K600,-77.0842229940124,169.023377529814,131d,2m,-81d,22m,7025.5,-4612.9,5298.9,-46277.7,46807.9,-10.9,2.4,27.4,-1.1,35.3,40.3,-35.8
2017,D,K600,-79.7193504525118,155.781740751143,159d,34m,-80d,31m,7620.1,-7140.4,2660.9,-45607.5,46239.7,-14.1,2,20.8,-8.5,36.6,34.7,-30.8
2017,D,K600,-81.5328734718621,135.579066434426,-168d,36m,-79d,5m,8591.3,-8421.9,-1697.7,-44521.1,45342.5,-14.6,1.5,14,-20.9,33,28.9,-25.7
2017,D,K600,-81.9492589846477,109.55183405083,-134d,22m,-77d,18m,9708.7,-6789.4,-6939.9,-43063.2,44144,-13.7,1.1,8.9,-33.9,20.8,23.3,-20.8
2017,D,K600,-80.7769216601434,85.751202515638,-104d,55m,-75d,21m,10799,-2780.9,-10434.8,-41297.2,42685.8,-12.6,0.8,5.5,-39.5,4.9,18.2,-16.2
2017,D,K600,-78.4907684942985,69.2095332527338,-84d,30m,-73d,21m,11752.8,1126,-11698.7,-39299.5,41019.2,-11.5,0.6,3.6,-38.9,-7.3,13.8,-12.2
2017,D,K600,-75.6112908270007,58.5314564425454,-71d,9m,-71d,24m,12508.4,4040.2,-11838,-37152.3,39201.4,-10.7,0.5,2.7,-36.1,-15.1,10.1,-8.8
2017,D,K600,-72.4266695563059,51.4085143221627,-62d,12m,-69d,32m,13038.9,6081.6,-11533.8,-34937.2,37291,-10.2,0.4,2.3,-33.1,-20,7.1,-5.9
2017,D,K600,-69.0746073509547,46.3797536819106,-55d,54m,-67d,49m,13341.6,7478.3,-11048.6,-32730.3,35345,-9.8,0.4,2.3,-30.3,-23.3,4.6,-3.3
2017,D,K600,-65.6229114207056,42.6336667054631,-51d,17m,-66d,18m,13431,8400.8,-10479.4,-30598.6,33416.6,-9.6,0.3,2.6,-27.8,-25.6,2.3,-1.1
2017,D,K600,-62.107394311637,39.7133724156267,-47d,43m,-65d,0m,13333.7,8971.3,-9864.2,-28597.7,31553.4,-9.6,0.3,3.1,-25.5,-27.3,0.3,1
2017,D,K600,-58.5483372620332,37.34973239796,-44d,48m,-63d,57m,13084.3,9284.3,-9219.6,-26770.1,29796.6,-9.6,0.3,3.9,-23,-28.6,-1.4,3
2017,D,K600,-54.9579487865264,35.3763098368428,-42d,15m,-63d,10m,12721.9,9417.3,-8553.4,-25145.7,28180.7,-9.6,0.4,4.8,-20.3,-29.5,-2.8,4.7
2017,D,K600,-51.3439739659706,33.6854859241786,-39d,50m,-62d,38m,12288.2,9437,-7870.3,-23742.5,26734,-9.5,0.5,5.9,-17.2,-29.8,-3.6,5.9
2017,D,K600,-47.7115584679373,32.2048884212531,-37d,21m,-62d,21m,11826.5,9402,-7174.3,-22568.3,25479.3,-9.2,0.6,7,-13.6,-29.3,-3.5,6.3
2017,D,K600,-44.0642689342091,30.8841507396313,-34d,38m,-62d,14m,11383.6,9366.2,-6469.8,-21622.7,24436.2,-8.7,0.8,7.8,-9.9,-28,-2.4,5.8
2017,D,K600,-40.4046804387467,29.6871489579558,-31d,34m,-62d,13m,11011.3,9382.7,-5763.1,-20896.7,23620.4,-7.8,1,8,-6.3,-25.5,-0.3,4
2017,D,K600,-36.7347295877442,28.5872696212633,-28d,2m,-62d,8m,10769.9,9506.2,-5062.1,-20369.7,23041.7,-6.6,1.2,7.4,-3.2,-21.8,2.6,1.1
2017,D,K600,-33.0559345567721,27.5644222604037,-24d,5m,-61d,48m,10726.9,9793.4,-4376.7,-20004.4,22698.9,-5,1.3,6.1,-0.8,-16.8,6.2,-2.5
2017,D,K600,-29.3695363958669,26.6030930026339,-19d,51m,-60d,59m,10950.3,10299.9,-3717.9,-19740.5,22574.3,-3.1,1.3,4.2,0.7,-10.6,9.8,-6.5
2017,D,K600,-25.6765918946147,25.6910396289173,-15d,38m,-59d,28m,11496.1,11071.2,-3096.6,-19492.6,22630.2,-0.9,1.3,2,1.1,-3.4,12.9,-10.1
2017,D,K600,-21.9780356959861,24.8183930531947,-11d,45m,-57d,6m,12392.5,12133,-2522.7,-19152.3,22812,1.2,1.2,-0.3,0.6,4.4,15,-12.7
2017,D,K600,-18.2747222786441,23.9770226353673,-8d,27m,-53d,46m,13628.9,13480.9,-2003.2,-18598.2,23057.3,3.1,1.1,-2.2,-0.4,12.5,15.8,-14
2017,D,K600,-14.5674544748449,23.1600761653819,-5d,50m,-49d,27m,15154.2,15075.5,-1542.3,-17710.7,23309.2,4.5,1,-3.6,-1.5,20.3,15,-13.7
2017,D,K600,-10.8570027659058,22.3616371585365,-3d,52m,-44d,9m,16882.2,16843.6,-1140.8,-16389.3,23529.1,5.6,0.9,-4.2,-2.4,27.5,12.9,-12
2017,D,K600,-7.1441182558196,21.5764614791242,-2d,26m,-37d,55m,18703.1,18686.1,-796.4,-14567.3,23706.8,6.2,0.8,-4,-2.5,33.7,9.7,-9.1
2017,D,K600,-3.42954128723065,20.7997672695471,-1d,25m,-30d,48m,20497,20490.8,-504.7,-12220.4,23863.5,6.5,0.5,-2.8,-1.8,38.6,6,-5.4
2017,D,K600,0.285992862196367,20.0270596131118,0d,-40m,-22d,56m,22147.1,22145.6,-259.8,-9369,24047.3,6.5,0.3,-0.7,-0.2,42.1,2.4,-1.5
2017,D,K600,4.00175007815199,19.2539759554486,0d,-8m,-14d,28m,23551.4,23551.4,-55.5,-6073.5,24322,6.5,0,2.2,2.2,44.3,-0.7,2.3
2017,D,K600,7.71699435428716,18.4761408460064,0d,16m,-5d,37m,24630.5,24630.2,114.1,-2425.4,24749.6,6.3,-0.3,5.4,5.1,45.2,-2.6,5.6
2017,D,K600,11.4309847010277,17.689019773877,0d,34m,3d,18m,25332,25330.8,254.2,1462.6,25374.2,6.1,-0.5,8.6,8.1,45.1,-3.3,8.4
2017,D,K600,15.1429711504966,16.8877616981566,0d,49m,12d,3m,25632.9,25630.2,368.3,5468.5,26209.7,5.9,-0.7,11.5,10.8,44.3,-2.8,10.6
2017,D,K600,18.8521887970581,16.0670185089954,1d,2m,20d,21m,25538,25533.9,458.4,9471,27237.6,5.8,-0.7,13.7,12.9,43.1,-1.1,12.4
2017,D,K600,22.5578487224419,15.2207267646479,1d,12m,28d,3m,25077.6,25072.2,525.1,13359.8,28414.3,5.7,-0.7,15.1,14.2,41.8,1.2,13.9
2017,D,K600,26.2591242142287,14.3418319756248,1d,20m,35d,3m,24302.2,24295.6,567.6,17043.9,29683.2,5.7,-0.7,15.6,14.6,40.7,3.8,15
2017,D,K600,29.9551301758122,13.4219276404601,1d,26m,41d,19m,23274.8,23267.4,584.5,20457.7,30987.6,5.8,-0.6,15.4,14.4,39.9,6.4,15.8
2017,D,K600,33.6448926426529,12.4507680885519,1d,30m,46d,53m,22062.9,22055.4,574.4,23562.8,32279.7,6.1,-0.5,14.7,13.6,39.4,8.7,16.4
2017,D,K600,37.327303837077,11.4155929834958,1d,29m,51d,48m,20730.5,20723.5,536.2,26346.3,33524.3,6.4,-0.4,13.6,12.6,39.2,10.5,16.7
2017,D,K600,41.001055516983,10.3001664106316,1d,24m,56d,9m,19331.9,19326.2,469.6,28815.9,34699.8,6.9,-0.4,12.4,11.4,39.2,12,16.8
2017,D,K600,44.664538982131,9.08337431243345,1d,12m,59d,59m,17909.3,17905.4,374.6,30992.7,35795.2,7.5,-0.3,11.1,10.2,39.4,13,16.8
2017,D,K600,48.3156922517507,7.7371213107507,0d,52m,63d,23m,16492.7,16490.7,251.4,32905.8,36807.6,8.2,-0.2,9.7,9.1,39.7,13.7,16.6
2017,D,K600,51.9517606360778,6.22308364438568,0d,23m,66d,25m,15101,15100.7,100.1,34587.1,37740,9.1,-0.2,8.2,7.9,40,14.1,16.2
2017,D,K600,55.5689098392284,4.48753216394207,0d,-20m,69d,8m,13744.5,13744.3,-79.6,36069.3,38599.3,10.1,-0.1,6.5,6.6,40.3,14.1,15.5
2017,D,K600,59.1615769807154,2.45277749020357,-1d,20m,71d,37m,12425.6,12422.3,-287.9,37383.7,39394.6,11.3,0,4.5,5.4,40.6,13.7,14.4
2017,D,K600,62.7213327537138,0.002459036040278,-2d,42m,73d,53m,11139.9,11127.5,-524.7,38558.9,40135.8,12.7,0.1,2.3,4.2,41.1,12.5,12.7
2017,D,K600,66.2347801986908,-3.04487701816989,-4d,35m,76d,0m,9877,9845.4,-789,39618.3,40830.9,14.5,0.2,0.2,3.5,41.6,10.5,10.2
2017,D,K600,69.6794356662499,-6.98541174328781,-7d,11m,78d,0m,8623,8555.3,-1078.8,40578.3,41484.4,16.9,0.2,-1.5,3.7,42.4,7.4,6.9
2017,D,K600,73.0151015660636,-12.3268920796683,-10d,52m,79d,56m,7363.2,7230.9,-1389.2,41447.7,42096.6,20.3,0.2,-2.4,5.7,43.1,3.3,2.8
2017,D,K600,76.1645886523859,-19.9779642331633,-16d,17m,81d,48m,6084.6,5840.7,-1705.5,42228.3,42664.4,25.1,0.1,-1.8,10.6,43.2,-1.6,-1.9
2017,D,K600,78.969261066012,-31.5652944069901,-24d,26m,83d,39m,4779.8,4351.5,-1977.4,42916.6,43182,32.7,-0.1,1,19.5,41.1,-7.1,-6.9
2017,D,K600,81.0990065065114,-49.4969645660999,-36d,14m,85d,28m,3452.9,2785,-2041.1,43505.5,43642.3,45.6,-0.7,7.3,32.8,32.8,-12.5,-11.9
2017,D,K600,81.9972068327875,-74.4130352525894,-46d,59m,87d,12m,2155,1470.2,-1575.6,43982.8,44035.5,67.4,-1.7,21.2,45.3,13.9,-17.5,-16.4
2017,D,K600,81.2757299972474,-99.8556433048131,-27d,38m,88d,22m,1258.8,1115.2,-583.8,44328.9,44346.8,33.4,-3.7,47.1,47.6,-10.6,-21.6,-20.2
2017,D,K600,79.2562984171201,-118.641041500664,12d,34m,87d,35m,1876.9,1831.9,408.6,44513.8,44553.3,-67.9,-2.7,33.7,40.8,-29.6,-24.3,-22.9
2017,D,K600,76.5095422482876,-130.820417331884,20d,16m,85d,40m,3376.5,3167.5,1169.7,44495.2,44623.2,-50.7,-1.4,15.7,31.7,-41.6,-25.7,-24.4
2017,D,K600,73.3920579649388,-138.819722165592,19d,54m,83d,24m,5113.8,4808.6,1740.1,44223.3,44517.9,-36.4,-0.6,5.4,23.3,-49.2,-25.6,-24.8
2017,D,K600,70.0765195396841,-144.367565853759,18d,16m,80d,57m,6954.9,6604.5,2179.7,43648.1,44198.7,-27.8,-0.2,-1.4,16.1,-53.9,-24.3,-24.2
2017,D,K600,66.6464376647624,-148.436201733943,16d,36m,78d,20m,8828.5,8460.6,2522,42732.3,43634.7,-22.3,0.1,-6.1,10.3,-56.6,-22.2,-22.9
2017,D,K600,63.1449303210032,-151.567075409301,15d,8m,75d,34m,10665.9,10296.1,2783.9,41461.4,42811.3,-18.4,0.3,-9.4,5.7,-57.7,-19.5,-21.2
2017,D,K600,59.5959171207184,-154.074289274242,13d,53m,72d,43m,12400.2,12037.9,2975.5,39850.8,41735.5,-15.6,0.5,-11.5,2.2,-57.4,-16.7,-19.4
2017,D,K600,56.0135440302237,-156.149223600546,12d,50m,69d,47m,13975.6,13626.2,3105.7,37944.3,40436.2,-13.4,0.6,-12.8,-0.5,-55.9,-14,-17.5
2017,D,K600,52.4066482720643,-157.913999882114,11d,58m,66d,47m,15356.3,15022.4,3184.7,35806.9,38960.8,-11.6,0.7,-13.6,-2.7,-53.3,-11.4,-15.9
2017,D,K600,48.7810192659833,-159.449801554718,11d,15m,63d,45m,16531,16213.5,3224.5,33512.3,37367.7,-10,0.8,-14,-4.5,-49.8,-9.2,-14.4
2017,D,K600,45.1406150638225,-160.812561682611,10d,39m,60d,38m,17512.7,17210.7,3237.9,31130.4,35718.3,-8.6,0.9,-14.4,-6.2,-45.6,-7,-13.2
2017,D,K600,41.4882524096033,-162.042042269364,10d,10m,57d,27m,18332.8,18044.7,3237.6,28716.8,34069.7,-7.3,1,-14.8,-7.7,-40.8,-4.9,-12.1
2017,D,K600,37.8260163570598,-163.16730484811,9d,47m,54d,7m,19034,18757,3235.3,26307,32470.8,-6.1,1.1,-15.1,-9.2,-35.6,-2.8,-11.1
2017,D,K600,34.1555129914661,-164.210128367422,9d,29m,50d,34m,19661.7,19392.8,3240.6,23915,30959.8,-4.9,1.3,-15.3,-10.5,-30.1,-0.4,-10.1
2017,D,K600,30.478030409656,-165.187215192569,9d,16m,46d,45m,20258,19993.9,3260.6,21534.7,29565.7,-3.8,1.5,-15.4,-11.6,-24.7,2,-9.1
2017,D,K600,26.7946439364633,-166.111657486681,9d,6m,42d,33m,20856.5,20593.7,3300.2,19143.6,28310.2,-2.8,1.6,-15.2,-12.3,-19.3,4.5,-8.1
2017,D,K600,23.1062861791635,-166.993938777064,9d,0m,37d,53m,21478.7,21214,3361.9,16707.5,27211.7,-1.9,1.8,-14.6,-12.6,-14.2,6.9,-7.3
2017,D,K600,19.413794270358,-167.84263586576,8d,58m,32d,40m,22132,21861.9,3446.9,14185.9,26288.1,-1.2,2,-13.8,-12.5,-9.6,9,-6.7
2017,D,K600,15.7179418970639,-168.664923421634,8d,58m,26d,50m,22808.3,22529.6,3555.1,11537.7,25560.5,-0.5,2.1,-12.8,-12.1,-5.3,10.8,-6.5
2017,D,K600,12.0194610021324,-169.466946514699,9d,2m,20d,23m,23485.1,23194.1,3685.9,8727.9,25054.5,0,2.1,-11.7,-11.6,-1.6,12.2,-6.7
2017,D,K600,8.31905642228015,-170.254103856834,9d,9m,13d,22m,24127.4,23820.1,3838.3,5733.4,24799.2,0.5,2.1,-10.6,-11,1.5,13.2,-7.3
2017,D,K600,4.61741571869544,-171.031270784339,9d,21m,5d,53m,24692.3,24364.4,4010.9,2547.5,24823.4,0.8,2,-9.7,-10.5,4.2,13.8,-8.3
2017,D,K600,0.915215819179661,-171.802982321192,9d,37m,-1d,52m,25134.9,24781.3,4201.5,-817.8,25148.2,1.1,1.9,-9.1,-10.3,6.3,14.2,-9.5
2017,D,K600,-2.78687234969261,-172.573591380538,9d,59m,-9d,40m,25413.5,25028.4,4407.4,-4332.1,25780.1,1.3,1.7,-8.7,-10.3,8,14.4,-11
2017,D,K600,-6.48818022162133,-173.34741405288,10d,27m,-17d,19m,25495.5,25072.5,4624.8,-7950.1,26706.2,1.5,1.5,-8.6,-10.5,9.3,14.7,-12.6
2017,D,K600,-10.1880381623944,-174.128872251576,11d,1m,-24d,37m,25360.2,24892.3,4849.4,-11616,27894,1.6,1.2,-8.7,-10.9,10.2,15.1,-14.2
2017,D,K600,-13.8857714058201,-174.92264379657,11d,43m,-31d,25m,25001.4,24480.7,5076.4,-15270.5,29296.1,1.8,1,-9,-11.4,10.9,15.7,-15.8
2017,D,K600,-17.5806944898845,-175.733830812002,12d,32m,-37d,40m,24426.2,23844.1,5300.9,-18856.3,30857.7,1.9,0.8,-9.2,-11.9,11.3,16.5,-17.4
2017,D,K600,-21.2721031022404,-176.568159630484,13d,30m,-43d,21m,23652.7,22999.9,5518.8,-22323.5,32523.7,2.1,0.7,-9.4,-12.4,11.6,17.7,-18.9
2017,D,K600,-24.959262001373,-177.432229487922,14d,36m,-48d,28m,22706.7,21972.8,5726.2,-25633.6,34244.3,2.2,0.6,-9.4,-12.9,11.8,19,-20.5
2017,D,K600,-28.6413871082456,-178.333833938899,15d,54m,-53d,4m,21616.4,20790.1,5919.5,-28760.8,35978.5,2.4,0.5,-9.3,-13.1,12.1,20.6,-22
2017,D,K600,-32.3176191418131,-179.282389732905,17d,23m,-57d,13m,20408.3,19476.8,6095.3,-31691.7,37694.4,2.7,0.4,-8.9,-13.2,12.4,22.4,-23.6
2017,D,K600,-35.9869849008586,179.710474750409,19d,6m,-60d,58m,19103,18051.9,6249.2,-34422.2,39367.7,3,0.4,-8,-13,12.9,24.3,-25.2
2017,D,K600,-39.6483402056958,178.630091108162,21d,6m,-64d,23m,17712.8,16525.6,6375.7,-36953.3,40979.2,3.4,0.4,-6.8,-12.5,13.7,26.3,-26.7
2017,D,K600,-43.3002849863223,177.457554650562,23d,28m,-67d,32m,16241.7,14898.4,6467.7,-39286,42511,3.9,0.5,-4.9,-11.8,14.8,28.4,-28.1
2017,D,K600,-46.9410348490916,176.167951051671,26d,20m,-70d,28m,14686.9,13162.5,6515.8,-41416.3,43943.3,4.5,0.6,-2.3,-10.7,16.4,30.2,-29.3
2017,D,K600,-50.5682224103121,174.727652614159,29d,56m,-73d,15m,13043.8,11304.5,6507.7,-43330.7,45251.4,5.4,0.8,1,-9.4,18.4,31.8,-30.1
2017,D,K600,-54.1785809330513,173.090067203891,34d,37m,-75d,53m,11313,9310.3,6426.7,-45004,46404.1,6.6,1,5.3,-8,20.8,32.9,-30.6
2017,D,K600,-57.7674226814796,171.188722134915,41d,5m,-78d,25m,9512.4,7170.4,6250.7,-46398.4,47363.5,8,1.2,10.5,-6.6,23.5,33.4,-30.6
2017,D,K600,-61.3277421935354,168.925575855567,50d,36m,-80d,47m,7698.5,4886.6,5948.8,-47466.3,48086.5,9.4,1.6,17,-5.4,26.5,33.2,-30
2017,D,K600,-64.8485978205479,166.150417781038,65d,39m,-82d,53m,6012.6,2478.3,5478.1,-48154.8,48528.8,9.5,2,24.9,-4.9,29.5,32.3,-28.9
2017,D,K600,-68.3120210513745,162.622904117758,90d,8m,-84d,22m,4775.1,-10.6,4775.1,-48414.1,48649,3.7,2.5,32.3,-5.3,32.3,30.7,-27.4
2017,D,K600,-71.6867260357423,157.939575374277,123d,46m,-84d,40m,4500.7,-2501.8,3741.3,-48205.9,48415.5,-10.1,2.5,32.6,-7.1,34.5,28.8,-25.7
2017,D,K600,-74.9144218202924,151.390344916473,155d,30m,-83d,35m,5336.8,-4856,2213.6,-47512.2,47811,-18,2,24.7,-10.8,35.7,26.7,-23.8
2017,D,K600,-77.8784463767936,141.693074200683,-179d,20m,-81d,40m,6791.5,-6791.1,-79.5,-46342,46837,-17.7,1.5,16.6,-16.9,34.8,24.8,-22.1
2017,D,K600,-80.3343118328524,126.705211451104,-155d,28m,-79d,22m,8402.2,-7644.1,-3487.8,-44732.4,45514.7,-15.5,1.2,11.3,-25.9,29.9,23.2,-20.7
2017,D,K600,-81.8120292454372,104.426639884151,-127d,56m,-76d,56m,9923.8,-6100.2,-7827.5,-42746.4,43883.3,-13.5,1,8.1,-35.7,17.7,22.2,-19.8
2017,D,K600,-81.7669684781792,78.0860746715875,-98d,20m,-74d,29m,11231.5,-1628,-11112.9,-40466.3,41996,-11.9,1,6.2,-39.5,-0.4,21.8,-19.4
2017,D,K600,-80.2196507073543,56.1952198246999,-74d,23m,-72d,7m,12261.7,3300,-11809.3,-37984.9,39915,-10.8,1,5.1,-35.6,-15.2,22.2,-19.6
2017,D,K600,-77.7247774443018,41.5586909641279,-58d,28m,-69d,51m,12988.2,6793.7,-11069.7,-35397.7,37705.3,-9.9,1.1,4.3,-29.6,-23.1,23.3,-20.4
2017,D,K600,-74.7391984453644,32.0778126047505,-48d,13m,-67d,46m,13409.5,8936.3,-9997.8,-32796.4,35431.9,-9.2,1.2,3.5,-24.4,-26.4,24.8,-21.6
2017,D,K600,-71.4978387096249,25.6552377168145,-41d,23m,-65d,54m,13542.3,10161.6,-8951.9,-30264.9,33156.6,-8.6,1.4,2.6,-20.6,-27.2,26.6,-23.2
2017,D,K600,-68.1128830717881,21.0486150957511,-36d,38m,-64d,18m,13416.3,10767,-8004.3,-27877.1,30937.5,-8.1,1.5,1.3,-17.9,-26.2,28.5,-25.1
2017,D,K600,-64.6406028216694,17.5698978067151,-33d,12m,-63d,2m,13071.5,10938.4,-7156.4,-25695.9,28829.5,-7.6,1.6,-0.3,-16.2,-24.2,30.5,-27.3
2017,D,K600,-61.1113275880929,14.8272415665214,-30d,38m,-62d,9m,12556.3,10804.4,-6397.3,-23771.1,26883.6,-7.1,1.7,-2.3,-15.2,-21.1,32.2,-29.6
2017,D,K600,-57.542547392077,12.5866000769803,-28d,39m,-61d,41m,11925.8,10465.6,-5718.1,-22138.4,25146.3,-6.5,1.6,-4.9,-15.1,-17.3,33.6,-32
2017,D,K600,-53.9449553213607,10.7013347096824,-27d,4m,-61d,38m,11239.7,10008.7,-5114.4,-20817.4,23657.9,-5.6,1.3,-8.2,-15.7,-12.6,34.5,-34.3
2017,D,K600,-50.3254272339677,9.07552429466605,-25d,44m,-61d,57m,10559.5,9511.6,-4586.1,-19810.9,22449.4,-4.5,0.8,-12.2,-17.1,-7.2,34.6,-36.3
2017,D,K600,-46.6885872757382,7.64400792346255,-24d,34m,-62d,30m,9945.9,9045.2,-4135.9,-19105.4,21539.2,-3.2,0.1,-17,-19.2,-1.2,33.7,-37.7
2017,D,K600,-43.03767775516,6.36103471067958,-23d,28m,-63d,8m,9457,8674.4,-3766.9,-18671.4,20929.8,-1.5,-0.9,-22.3,-22.1,5.2,31.5,-38.2
2017,D,K600,-39.3750664065658,5.19353316749984,-22d,22m,-63d,39m,9146.1,8458,-3480.6,-18464.6,20605.7,0.5,-2.2,-28.1,-25.5,11.9,27.6,-37.2
2017,D,K600,-35.7025545665538,4.11696607415267,-21d,11m,-63d,49m,9060.2,8447.7,-3274.5,-18426,20533,2.6,-3.5,-33.8,-29.1,18.6,21.9,-34.5
2017,D,K600,-32.0215709774768,3.11268945855271,-19d,52m,-63d,27m,9237.3,8687.2,-3140.3,-18482.3,20662.2,4.6,-4.8,-39,-32.5,24.9,14.2,-30.1
2017,D,K600,-28.3332971309683,2.16621758729729,-18d,24m,-62d,23m,9704.4,9208.1,-3063.6,-18547.5,20932.8,6.4,-5.9,-43.1,-35.2,30.7,4.7,-24.1
2017,D,K600,-24.6387501263428,1.26605076710647,-16d,47m,-60d,31m,10472.8,10026.3,-3025.2,-18524.8,21280.2,7.8,-6.9,-45.4,-36.7,35.7,-6.2,-16.9
2017,D,K600,-20.9388383098142,0.402862385577474,-15d,6m,-57d,48m,11535.3,11137.4,-3003.5,-18312.8,21643,8.6,-7.6,-45.6,-36.5,39.7,-18,-9
2017,D,K600,-17.2343989820256,-0.431079483301273,-13d,23m,-54d,10m,12862.8,12513.3,-2977.8,-17812.4,21971.2,9,-8.2,-43.2,-34.3,42.7,-29.8,-1.1
2017,D,K600,-13.5262240179394,-1.24233442656629,-11d,45m,-49d,37m,14403.8,14102.3,-2932,-16936,22232.8,9,-8.6,-38.5,-30.1,44.6,-40.8,6.2
2017,D,K600,-9.81507716792586,-2.0366069308746,-10d,14m,-44d,9m,16086.4,15830.8,-2856.5,-15616.2,22419.6,8.7,-8.9,-31.7,-24,45.6,-50.1,12.3
2017,D,K600,-6.10170566019992,-2.81899258014151,-8d,52m,-37d,47m,17822.9,17609.6,-2749.2,-13812.8,22548.8,8.3,-9,-23.3,-16.5,45.9,-57,16.6
2017,D,K600,-2.38684785209025,-3.59417672617381,-7d,42m,-30d,33m,19516.8,19340.9,-2614.6,-11518.1,22662.1,7.8,-9.1,-14.1,-8.1,45.5,-61.1,19
2017,D,K600,1.32876169343378,-4.36660271601817,-6d,42m,-22d,34m,21071.8,20927.6,-2461.2,-8757.4,22819.1,7.3,-8.9,-4.9,0.3,44.9,-62.1,19.4
2017,D,K600,5.04438866282835,-5.14062275509613,-5d,54m,-14d,0m,22400.4,22282,-2299.8,-5587.8,23086.8,6.9,-8.6,3.7,8.2,44.2,-60.4,18.2
2017,D,K600,8.75929603062213,-5.92064236746153,-5d,14m,-5d,6m,23432.1,23334.1,-2140.6,-2092,23525.3,6.6,-8.1,10.9,14.9,43.5,-56.4,15.9
2017,D,K600,12.472740843516,-6.71126864688697,-4d,44m,3d,52m,24119.5,24037.1,-1992.2,1629.3,24174.5,6.4,-7.4,16.4,20,43.1,-50.9,13
2017,D,K600,16.1839697908294,-7.51747291218539,-4d,22m,12d,37m,24441.4,24370.4,-1861.5,5467.5,25045.4,6.3,-6.6,20.1,23.4,42.9,-44.5,9.9
2017,D,K600,19.8922125305795,-8.34478018780414,-4d,7m,20d,54m,24402.5,24339.5,-1753.4,9316.3,26120.4,6.3,-5.7,22.1,25.2,42.9,-38.1,7.1
2017,D,K600,23.5966714862131,-9.1995013594315,-3d,59m,28d,34m,24030,23971.8,-1671.7,13081,27359.7,6.4,-4.9,22.8,25.8,43.1,-32.2,4.7
2017,D,K600,27.2965064167123,-10.0890295700555,-3d,58m,35d,32m,23367,23310.8,-1619.6,16685,28712.5,6.6,-4.2,22.6,25.6,43.5,-27.2,2.6
2017,D,K600,30.9908114064534,-11.0222317824069,-4d,5m,41d,47m,22465.3,22408.3,-1599,20073,30126.6,7,-3.6,21.8,25,43.8,-23.2,0.9
2017,D,K600,34.6785808450297,-12.0099813423591,-4d,19m,47d,21m,21378.5,21317.7,-1611.3,23210.8,31556,7.4,-3.1,20.9,24.2,44.1,-19.9,-0.5
2017,D,K600,38.3586592184461,-13.0659017650801,-4d,43m,52d,18m,20156.7,20088.6,-1656.3,26082.4,32963.4,7.8,-2.8,20,23.7,44.2,-17.3,-1.5
2017,D,K600,42.0296664456224,-14.2074323857284,-5d,16m,56d,42m,18843,18763.2,-1732.3,28686.3,34321.4,8.4,-2.4,19.2,23.3,44.3,-15.1,-2
2017,D,K600,45.6898854124906,-15.4573953011732,-6d,2m,60d,37m,17471.6,17374.8,-1836.2,31031,35611.5,9.1,-2.2,18.4,23.1,44.3,-12.9,-2.2
2017,D,K600,49.337089037541,-16.8463637100501,-7d,1m,64d,8m,16068.3,15948,-1962.6,33131.2,36822.1,10,-1.9,17.4,22.8,44.2,-10.8,-2.1
2017,D,K600,52.968267228834,-18.4163503169922,-8d,15m,67d,17m,14650.7,14498.8,-2104,35004.8,37947,11,-1.6,15.9,22.4,44.1,-8.8,-2
2017,D,K600,56.5791813892331,-20.2267450039557,-9d,48m,70d,10m,13229.3,13036.4,-2250.7,36669.7,38983.1,12.2,-1.4,14.1,21.8,44,-7.2,-2
2017,D,K600,60.1636084204434,-22.364232879601,-11d,41m,72d,48m,11809.4,11565,-2390.4,38142.3,39928.7,13.8,-1.1,11.8,21,44,-6.2,-2.4
2017,D,K600,63.7119968158048,-24.9600531097446,-13d,58m,75d,14m,10393,10085.5,-2509.3,39436.5,40783,15.7,-0.9,9.3,20.5,44,-6.1,-3.5
2017,D,K600,67.2089449161099,-28.2213911716407,-16d,47m,77d,31m,8980,8597.6,-2592.5,40564,41546.1,18.3,-0.7,7.2,20.6,43.8,-7.1,-5.4
2017,D,K600,70.6281672554125,-32.4910592241549,-20d,17m,79d,40m,7569.8,7100.5,-2624,41535.5,42219.6,21.8,-0.6,5.9,22,43,-9.1,-7.9
2017,D,K600,73.9217497536546,-38.3646911429504,-24d,47m,81d,43m,6161.3,5593.5,-2583.5,42361.7,42807.4,26.7,-0.6,6,25.3,41,-11.8,-10.9
2017,D,K600,76.9957833684318,-46.9160643880881,-30d,49m,83d,42m,4752.6,4081.9,-2434.2,43053.5,43315.1,34.2,-0.8,8.4,31.2,36.5,-14.9,-13.9
2017,D,K600,79.6546959194643,-60.02657683849,-38d,45m,85d,37m,3345.8,2609.6,-2093.9,43620,43748.1,47,-1.2,14.2,39.6,27.1,-17.6,-16.5
2017,D,K600,81.5014705313499,-80.0809332713235,-45d,25m,87d,26m,1978.5,1388.7,-1409.3,44063.6,44108,68.3,-2.2,27.1,47.1,9,-19.4,-18.2
2017,D,K600,81.9572217555675,-106.102491969,-20d,18m,88d,39m,1041.3,976.6,-361.1,44375.8,44388.1,0.8,-3.8,48.3,45.4,-16.5,-19.8,-18.6
2017,D,K600,80.8132251132601,-130.082212381049,18d,44m,87d,40m,1816.1,1720,583,44534,44571.1,-85.3,-1.5,19,32.1,-37.2,-18.2,-17.4
2017,D,K600,78.5389976167398,-146.793159230017,19d,10m,85d,40m,3370.9,3184.2,1106.3,44501.6,44629.1,-51.2,-0.1,0.4,16.5,-47.4,-14.7,-14.6
2017,D,K600,75.6623739539229,-157.570538768999,15d,0m,83d,25m,5110.3,4936.2,1322.7,44233.4,44527.6,-33.9,0.6,-9.3,3.8,-51.1,-9.4,-10.4
2017,D,K600,72.4770624097472,-164.747214492402,11d,26m,80d,59m,6936.5,6798.7,1376,43684.6,44231.9,-24.5,1.1,-15.2,-5.3,-51.5,-2.7,-5.1
2017,D,K600,69.1232502070687,-169.805891007725,8d,47m,78d,24m,8793,8689.8,1343.3,42821.6,43715.1,-18.8,1.5,-18.5,-11.1,-50.1,4.7,0.9
2017,D,K600,65.6698087962538,-173.569465750466,6d,50m,75d,41m,10623.2,10547.7,1264.6,41630.5,42964.5,-14.9,1.8,-19.5,-14,-47.8,12.2,7
2017,D,K600,62.1530358685493,-176.500453849699,5d,24m,72d,52m,12371.8,12316.8,1164.9,40121.2,41985.4,-12.1,1.9,-18.7,-14.6,-44.9,19,12.6
2017,D,K600,58.5934519466845,-178.870869360217,4d,22m,69d,57m,13992.3,13951.8,1063.9,38326.7,40801,-10,2,-16.4,-13.4,-41.6,24.6,17.4
2017,D,K600,55.0033916271534,179.151309096605,3d,38m,66d,56m,15453.9,15422.9,978.8,36295.9,39448.9,-8.3,2,-13.1,-10.7,-38.2,28.5,21.1
2017,D,K600,51.3906689637515,177.457594704881,3d,10m,63d,50m,16744.9,16719.4,924.6,34084.9,37976,-7,2,-9.2,-7.3,-34.6,30.6,23.4
2017,D,K600,47.7604668266901,175.975104932871,2d,56m,60d,37m,17872.1,17848.7,912.7,31747.4,36432.2,-5.9,1.9,-5.1,-3.6,-31,30.9,24.4
2017,D,K600,44.1163694792938,174.653162082302,2d,53m,57d,16m,18856.3,18832.4,950.1,29326.9,34865.9,-5,1.7,-1.4,0,-27.5,29.6,24.2
2017,D,K600,40.4609562533448,173.455446983354,3d,1m,53d,42m,19727.1,19699.7,1039.3,26853.1,33320.3,-4.2,1.5,1.9,3.2,-24.1,27,23
2017,D,K600,36.796158001709,172.355221048434,3d,18m,49d,52m,20516.4,20482.5,1178.6,24340.1,31833.4,-3.5,1.3,4.6,5.8,-20.8,23.5,20.9
2017,D,K600,33.1234790937771,171.332312714708,3d,41m,45d,43m,21253.8,21210.1,1362.6,21788.8,30438.1,-2.9,1,6.6,7.7,-17.6,19.3,18.4
2017,D,K600,29.4441399058689,170.37115569042,4d,8m,41d,9m,21963,21905.9,1583.2,19188.9,29164.9,-2.4,0.7,7.9,9,-14.6,14.8,15.7
2017,D,K600,25.7591704870408,169.459474716347,4d,38m,36d,6m,22660.1,22586,1830.9,16522.4,28044.1,-1.9,0.4,8.6,9.6,-11.7,10.2,13
2017,D,K600,22.0694731811159,168.587381348446,5d,9m,30d,31m,23351.9,23257.7,2095.6,13766,27107.5,-1.4,0.1,8.7,9.6,-8.9,5.7,10.4
2017,D,K600,18.3758649925878,167.746735744812,5d,39m,24d,23m,24035.7,23918.8,2367.4,10894.5,26389.5,-1,-0.3,8.3,9,-6.4,1.5,8.2
2017,D,K600,14.6791063414616,166.930684556304,6d,8m,17d,42m,24698.1,24556.9,2637.3,7883.3,25925.7,-0.7,-0.6,7.4,7.9,-4.1,-2.4,6.3
2017,D,K600,10.9799205814527,166.133317066619,6d,34m,10d,33m,25315.6,25149.1,2898,4712.7,25750.5,-0.4,-0.9,6,6.3,-2,-5.8,4.9
2017,D,K600,7.27900716879349,165.349401367275,6d,59m,3d,2m,25855.1,25663.3,3143.5,1372.1,25891.5,-0.1,-1.2,4.2,4.3,-0.3,-8.7,3.7
2017,D,K600,3.57705053098093,164.574174395247,7d,22m,-4d,39m,26277.2,26060.2,3369.9,-2136.1,26363.9,0.1,-1.4,1.9,1.8,1,-10.7,2.8
2017,D,K600,-0.12527391083808,163.803167205355,7d,44m,-12d,19m,26540.2,26298.4,3574.8,-5793.2,27165.2,0.3,-1.5,-0.6,-0.8,2,-12,2
2017,D,K600,-3.82729560806497,163.032051503964,8d,7m,-19d,46m,26605.7,26339.1,3757.2,-9563.6,28272.4,0.4,-1.5,-3.2,-3.6,2.6,-12.3,1.1
2017,D,K600,-7.52834514529872,162.256496101666,8d,31m,-26d,52m,26443.8,26152.1,3917.2,-13397.1,29643.9,0.5,-1.5,-5.8,-6.3,2.9,-11.6,0
2017,D,K600,-11.2277510674774,161.472023147189,8d,58m,-33d,30m,26037.9,25720.1,4055.3,-17233.7,31224.5,0.6,-1.4,-8.1,-8.7,2.9,-9.9,-1.3
2017,D,K600,-14.9248354363604,160.673854028555,9d,28m,-39d,37m,25385.9,25040.7,4172.3,-21010.4,32952.7,0.6,-1.3,-10,-10.6,2.8,-7.5,-2.9
2017,D,K600,-18.6189077670537,159.856733507328,10d,2m,-45d,12m,24500.1,24125.3,4268.7,-24668.3,34767.5,0.7,-1.1,-11.2,-11.8,2.7,-4.4,-4.7
2017,D,K600,-22.3092559885251,159.014718004041,10d,42m,-50d,16m,23402.9,22996.1,4344.4,-28158,36613.8,0.7,-0.9,-11.6,-12.3,2.7,-0.9,-6.7
2017,D,K600,-25.9951329843126,158.140909191208,11d,28m,-54d,52m,22122.3,21680.7,4397.9,-31442.9,38445.5,0.8,-0.7,-11.3,-12.1,3,2.6,-8.6
2017,D,K600,-29.6757366052277,157.227106408804,12d,21m,-59d,3m,20686.4,20207.3,4426.6,-34499.2,40225.9,1,-0.5,-10.2,-11.2,3.7,6,-10.4
2017,D,K600,-33.3501802718247,156.263339118608,13d,23m,-62d,52m,19119.1,18599.9,4425.6,-37313.4,41926.5,1.3,-0.3,-8.5,-9.8,4.9,8.9,-11.8
2017,D,K600,-37.0174497596761,155.237220719927,14d,34m,-66d,23m,17437,16875.9,4387.9,-39878.9,43524.4,1.7,-0.1,-6.2,-8.1,6.6,11.2,-12.7
2017,D,K600,-40.6763394032114,154.133032334472,15d,58m,-69d,39m,15648.7,15045.3,4303.8,-42190.1,44998.7,2.3,0.1,-3.7,-6.4,8.9,12.7,-13.2
2017,D,K600,-44.325356817432,152.930390166079,17d,36m,-72d,44m,13755.9,13111.6,4160.6,-44238.6,46328,3.1,0.2,-1,-4.8,11.7,13.5,-13.2
2017,D,K600,-47.9625780323711,151.602254725279,19d,36m,-75d,40m,11756.1,11075.2,3943,-46009,47487.3,4.4,0.4,1.6,-3.6,14.8,13.5,-12.7
2017,D,K600,-51.5854217282257,150.111870155943,22d,7m,-78d,31m,9647.7,8937.5,3632.8,-47476.6,48446.9,6.4,0.5,4.1,-3,18.3,12.9,-11.8
2017,D,K600,-55.1902864817408,148.407907302133,25d,34m,-81d,18m,7435.5,6707.2,3209.4,-48607.4,49172.8,9.7,0.6,6.5,-3.3,21.8,11.9,-10.8
2017,D,K600,-58.7719460000439,146.416480105449,31d,1m,-84d,3m,5141.2,4405.9,2649.5,-49360.9,49627.9,15.9,0.7,9.2,-4.5,25.1,10.8,-9.7
2017,D,K600,-62.322495975998,144.027498214512,42d,53m,-86d,44m,2831,2074.1,1926.8,-49696.2,49776.8,30.3,1,14.3,-6.6,28,9.7,-8.9
2017,D,K600,-65.8294244164902,141.070314138164,102d,27m,-88d,48m,1032.8,-222.7,1008.5,-49579.2,49590,9.7,2.2,31.7,-9.8,30.3,9.1,-8.5
2017,D,K600,-69.271862570575,137.268278267738,-176d,22m,-87d,12m,2392.8,-2388,-151.4,-48991.5,49049.9,-46.4,0.9,12.1,-13.9,31.7,9.2,-8.6
2017,D,K600,-72.6128091712459,132.150526072925,-159d,13m,-84d,33m,4576.1,-4278.1,-1624.2,-47936.9,48154.8,-27.2,0.5,6.7,-19,31.6,10.1,-9.4
2017,D,K600,-75.781911234534,124.879100455642,-148d,6m,-81d,50m,6666.9,-5659.6,-3523.7,-46445,46921.1,-19.7,0.5,5.8,-25,29.4,12,-11
2017,D,K600,-78.6358115683649,113.947996585228,-135d,28m,-79d,9m,8547.5,-6092.4,-5995.1,-44569.9,45382.1,-15.8,0.7,6,-31.7,23.8,14.8,-13.4
2017,D,K600,-80.8749408465405,97.0188301356932,-117d,43m,-76d,31m,10158.6,-4725.8,-8992.4,-42384.7,43585.1,-13.3,0.8,6.3,-37.8,12.8,18.6,-16.6
2017,D,K600,-81.96815438487,72.8931685300026,-93d,16m,-73d,60m,11466.1,-654.3,-11447.5,-39974.2,41586.2,-11.6,1,6.2,-39.1,-4,23.1,-20.5
2017,D,K600,-81.4631369710326,47.0197876199737,-67d,23m,-71d,35m,12456.5,4789.4,-11499,-37425.8,39444.3,-10.3,1.2,5.5,-32.2,-19.4,28,-24.8
2017,D,K600,-79.5893301746556,27.2305892657645,-47d,50m,-69d,20m,13132.5,8815.9,-9733.6,-34823.6,37217.6,-9.1,1.4,4,-23,-26.2,33,-29.4
2017,D,K600,-76.9215259080796,14.3025876496585,-35d,21m,-67d,16m,13509.8,11019.1,-7816.3,-32244.4,34960.2,-8,1.6,1.6,-16.8,-26.5,37.6,-34
2017,D,K600,-73.8474200366501,5.85331974328335,-27d,33m,-65d,25m,13613.5,12070.2,-6295.8,-29756.5,32722.7,-6.9,1.7,-1.7,-14.1,-23.3,41.5,-38.4
2017,D,K600,-70.5576614350321,0.036679705719817,-22d,35m,-63d,50m,13476.8,12443.7,-5174.7,-27419.8,30552.7,-5.7,1.6,-5.8,-14,-18.5,44.3,-42.3
2017,D,K600,-67.1440170148968,-4.19965665827987,-19d,24m,-62d,32m,13140.9,12394.2,-4366.5,-25285.9,28496.7,-4.6,1.4,-10.7,-15.9,-12.8,45.8,-45.6
2017,D,K600,-63.6534378855824,-7.44046499048813,-17d,28m,-61d,35m,12655.6,12072.4,-3797.6,-23396.5,26600,-3.3,1,-16.2,-19.2,-6.9,45.7,-47.9
2017,D,K600,-60.1117371727625,-10.0230432788769,-16d,26m,-60d,59m,12079.2,11586.1,-3416,-21779.9,24905.3,-2.1,0.3,-22.2,-23.4,-0.9,44,-49.2
2017,D,K600,-56.5340609772407,-12.151651211404,-16d,7m,-60d,42m,11476.4,11025.5,-3185.3,-20447.8,23448.2,-1,-0.7,-28.5,-28.3,4.7,40.6,-49.3
2017,D,K600,-52.9298083256631,-13.9558956577018,-16d,23m,-60d,38m,10913.3,10469.9,-3079.4,-19391.7,22251.7,0,-2,-34.9,-33.4,9.9,35.5,-48
2017,D,K600,-49.3051024600067,-15.5215070385546,-17d,8m,-60d,39m,10451.8,9988.3,-3078,-18582.8,21320.4,0.8,-3.5,-41.2,-38.7,14.3,28.7,-45.2
2017,D,K600,-45.664110848069,-16.9072929275994,-18d,10m,-60d,34m,10141.6,9635.6,-3163.3,-17975.2,20638.8,1.2,-5.2,-47.2,-43.8,18,20.4,-41
2017,D,K600,-42.0097892099865,-18.1548976499814,-19d,21m,-60d,14m,10016.2,9450.5,-3318.4,-17511.6,20173.7,1.3,-6.9,-52.6,-48.4,20.9,10.7,-35.4
2017,D,K600,-38.3443207171838,-19.2946539502863,-20d,27m,-59d,30m,10090.7,9454.7,-3525.7,-17130.8,19881.8,1.1,-8.5,-57.1,-52.3,23,-0.2,-28.7
2017,D,K600,-34.6693855877457,-20.3492227242921,-21d,19m,-58d,17m,10364.9,9655.7,-3768,-16774.8,19718.6,0.9,-10.1,-60.3,-55.2,24.4,-12.3,-21.2
2017,D,K600,-30.986332117844,-21.3359327995025,-21d,50m,-56d,33m,10829.6,10052.5,-4028.3,-16391.9,19646.2,0.8,-11.5,-62.2,-56.8,25.3,-25.1,-13.2
2017,D,K600,-27.2962880643816,-22.2683305219727,-21d,58m,-54d,15m,11472.6,10639.6,-4291.7,-15936.5,19636.5,0.8,-12.8,-62.4,-56.8,25.9,-38.3,-5.2
2017,D,K600,-23.6002346918143,-23.1572345479742,-21d,43m,-51d,22m,12283.1,11411,-4545.6,-15365.2,19671.4,1.1,-13.9,-60.8,-55,26.3,-51.4,2.3
2017,D,K600,-19.8990566687673,-24.0114726549176,-21d,9m,-47d,50m,13251.4,12359,-4780.7,-14631.5,19740.3,1.6,-14.9,-57.5,-51.3,26.6,-63.9,9
2017,D,K600,-16.1935759455368,-24.8384097308085,-20d,20m,-43d,37m,14364.6,13470.1,-4989.9,-13683.3,19838.7,2.3,-15.7,-52.4,-45.8,27.1,-75.3,14.2
2017,D,K600,-12.4845747189772,-25.6443362902867,-19d,21m,-38d,37m,15599.9,14719.2,-5167.4,-12463.8,19967.6,3,-16.3,-45.7,-38.7,27.8,-85,17.6
2017,D,K600,-8.77281091089021,-26.4347628431156,-18d,17m,-32d,50m,16918.3,16064.1,-5308,-10918.1,20135.4,3.6,-16.8,-37.8,-30.4,28.7,-92.7,18.7
2017,D,K600,-5.05902845991263,-27.214650694653,-17d,13m,-26d,15m,18262.7,17444.1,-5406.5,-9003.6,20361.5,4.2,-17,-29.1,-21.3,29.9,-97.9,17.4
2017,D,K600,-1.34396408386092,-27.9886005806671,-16d,12m,-18d,55m,19560.9,18784.1,-5457.8,-6700.5,20676.7,4.7,-16.9,-20.1,-11.9,31.2,-100.7,13.8
2017,D,K600,2.37164822261036,-28.7610148224285,-15d,16m,-10d,58m,20734.3,20002.9,-5458.3,-4020.1,21120.4,5.1,-16.5,-11.4,-2.9,32.7,-101.2,8.4
2017,D,K600,6.0870739270421,-29.5362453748623,-14d,25m,-2d,39m,21709.3,21025.1,-5407.2,-1005.8,21732.6,5.5,-15.8,-3.3,5.4,34.2,-99.6,1.6
2017,D,K600,9.80157502505437,-30.318738329445,-13d,41m,5d,47m,22428.6,21791.5,-5307.6,2271.3,22543.3,5.8,-14.7,3.8,12.6,35.7,-96.3,-5.7
2017,D,K600,13.5144065820522,-31.1131850710779,-13d,4m,14d,3m,22858,22266.3,-5167.1,5723.4,23563.7,6,-13.4,9.7,18.6,37,-91.9,-12.7
2017,D,K600,17.2248117556691,-31.9246910761732,-12d,33m,21d,56m,22988.4,22438.6,-4997.4,9258.6,24782.8,6.3,-11.9,14.4,23.2,38.1,-86.8,-18.9
2017,D,K600,20.9320142568678,-32.7589755210261,-12d,10m,29d,16m,22832,22319,-4812.8,12791.8,26171.2,6.6,-10.5,18,26.8,38.9,-81.4,-24
2017,D,K600,24.635206841145,-33.6226188789409,-11d,55m,35d,57m,22415.6,21932.6,-4628.1,16253,27687.9,6.9,-9.2,20.7,29.4,39.5,-76,-27.8
2017,D,K600,28.3335340024172,-34.5233823005685,-11d,49m,41d,59m,21772.7,21311.8,-4456.5,19589,29287.9,7.2,-8,22.6,31.4,39.8,-70.7,-30.4
2017,D,K600,32.0260662626158,-35.4706331399314,-11d,52m,47d,24m,20937.4,20489.4,-4307.8,22763.2,30927.9,7.5,-6.9,24,32.9,39.9,-65.6,-31.9
2017,D,K600,35.7117622460923,-36.4759281971208,-12d,7m,52d,15m,19939.8,19495.2,-4187.3,25750.8,32568.4,7.9,-6,25,34.1,39.9,-60.6,-32.5
2017,D,K600,39.3894126160003,-37.5538341686651,-12d,35m,56d,37m,18805.5,18354.2,-4095.1,28535.3,34174.7,8.5,-5.2,25.6,35,39.7,-55.6,-32.3
2017,D,K600,43.0575565017344,-38.7231116488374,-13d,15m,60d,34m,17555.2,17087.3,-4026.1,31104.3,35716.4,9.1,-4.6,25.8,35.7,39.5,-50.8,-31.5
2017,D,K600,46.7143549578777,-40.0084693021159,-14d,11m,64d,9m,16207,15713.1,-3970.8,33447,37166.7,10,-4,25.5,36.1,39.4,-46,-30.3
2017,D,K600,50.3573950690048,-41.4432368392029,-15d,22m,67d,26m,14778,14249.6,-3916.2,35553,38502,11,-3.5,24.6,36.2,39.2,-41.5,-28.9
2017,D,K600,53.9833779552788,-43.0735652540724,-16d,50m,70d,27m,13286.4,12717.2,-3847.3,37412.7,39701.9,12.4,-3,23.3,36.1,39.1,-37.5,-27.5
2017,D,K600,57.5876044262866,-44.9652562072427,-18d,36m,73d,14m,11753.3,11139.4,-3748.7,39019,40750.8,14.1,-2.6,21.7,35.8,38.9,-34.1,-26.4
2017,D,K600,61.1630912646478,-47.2152967053909,-20d,42m,75d,49m,10202.6,9544.1,-3605.9,40370.1,41639.4,16.3,-2.2,20,35.7,38.4,-31.5,-25.6
2017,D,K600,64.6989774888398,-49.9721769208083,-23d,10m,78d,12m,8660.2,7962.1,-3406.6,41473,42367.5,19.2,-2,18.6,36.1,37.4,-29.7,-25.3
2017,D,K600,68.177483709152,-53.4733189478811,-26d,3m,80d,25m,7150.7,6424.3,-3140.2,42346,42945.5,23.1,-1.8,18.1,37.3,35.4,-28.6,-25.2
2017,D,K600,71.5677290315208,-58.117037054814,-29d,25m,82d,28m,5693.2,4959.3,-2796,43018.8,43393.9,28.4,-1.8,19,39.5,31.9,-27.9,-25.1
2017,D,K600,74.8122841204472,-64.6042636443499,-33d,15m,84d,22m,4299,3595,-2357.3,43528.8,43740.6,36,-1.9,21.9,42.9,26,-27.1,-24.8
2017,D,K600,77.7963299387898,-74.2024403614336,-37d,2m,86d,7m,2975.9,2375.4,-1792.6,43914.5,44015.2,47.1,-2.3,27.9,46.8,16.2,-25.7,-23.8
2017,D,K600,80.2789622455942,-89.0444591683108,-36d,30m,87d,43m,1768.1,1421.3,-1051.7,44206.7,44242,56.2,-3.1,39.3,49,0.5,-23.4,-21.8
2017,D,K600,81.7936369428963,-111.195306181429,-7d,56m,88d,38m,1059.9,1049.8,-146.3,44420.7,44433.4,-47,-3.6,46.2,43.6,-21.3,-19.7,-18.6
2017,D,K600,81.7873576890402,-137.602176432477,20d,16m,87d,46m,1737.1,1629.6,601.5,44552.1,44586,-92.2,-0.9,10.9,25.8,-40.4,-14.7,-14.2
2017,D,K600,80.263548060112,-159.694180419038,15d,42m,86d,5m,3050.4,2936.6,825.3,44577.1,44681.4,-52.5,0.6,-8,4.6,-47,-8.2,-8.8
2017,D,K600,77.7771431962011,-174.482973686765,8d,17m,84d,10m,4547.8,4500.4,654.7,44458.3,44690.3,-32.4,1.3,-17.1,-11,-44.7,-0.8,-2.6
2017,D,K600,74.7928473431199,175.95164508703,2d,59m,82d,4m,6151.1,6142.8,319.4,44153.5,44579.9,-21.3,1.8,-22.1,-20.2,-39.2,7.1,4
2017,D,K600,71.5501607371511,169.483691574903,0d,-30m,79d,50m,7823,7822.7,-68.1,43624.6,44320.5,-14.6,2.1,-24.5,-24.8,-33,14.9,10.3
2017,D,K600,68.1632313962876,164.851752982695,-2d,46m,77d,28m,9527.7,9516.6,-459.1,42845.2,43891.8,-10.3,2.3,-24.8,-26.2,-27.1,22,16.2
2017,D,K600,64.6891743538634,161.358227308483,-4d,14m,74d,58m,11229.1,11198.6,-827.3,41803.3,43285.2,-7.3,2.4,-23.4,-25.1,-22.1,28.1,21.1
2017,D,K600,61.1587089772809,158.606553251217,-5d,8m,72d,20m,12894.6,12842.8,-1154.1,40501,42504.1,-5.3,2.4,-20.7,-22.5,-18.1,32.7,24.9
2017,D,K600,57.5895197144975,156.360259009723,-5d,38m,69d,35m,14498.6,14428.5,-1424.7,38950.6,41561.5,-4,2.4,-17.2,-18.8,-15.3,35.9,27.6
2017,D,K600,53.9924025539859,154.471394166167,-5d,50m,66d,41m,16024.8,15942,-1627.5,37170.3,40477.5,-3.2,2.3,-13.2,-14.7,-13.6,37.5,29.2
2017,D,K600,50.374289199319,152.843293425796,-5d,46m,63d,36m,17465.1,17376.7,-1755,35179.5,39276.3,-2.8,2.2,-9.1,-10.5,-13.1,37.9,29.9
2017,D,K600,46.739832903988,151.410355915546,-5d,30m,60d,18m,18817.9,18731.3,-1803.7,32995.5,37984.5,-2.6,2.1,-5,-6.3,-13.5,37.2,29.9
2017,D,K600,43.0922882469292,150.126561547636,-5d,4m,56d,45m,20085.9,20007.4,-1773.9,30632.5,36630.5,-2.5,1.9,-1.1,-2.4,-14.7,35.7,29.3
2017,D,K600,39.4340234460238,148.958669709067,-4d,30m,52d,52m,21273.4,21207.8,-1669.8,28100.4,35244.7,-2.6,1.8,2.5,1.2,-16.5,33.6,28.3
2017,D,K600,35.7668312980307,147.88203504631,-3d,50m,48d,37m,22384.4,22334.2,-1498.3,25405.7,33860.2,-2.8,1.6,5.8,4.6,-18.5,30.9,27
2017,D,K600,32.092124545433,146.877944045295,-3d,6m,43d,55m,23420.9,23386.5,-1268.6,22552.3,32513.8,-3,1.5,8.7,7.6,-20.7,27.7,25.5
2017,D,K600,28.411062181552,145.931866764166,-2d,20m,38d,43m,24382,24361.9,-991.7,19542.2,31247.1,-3.2,1.3,11.2,10.3,-22.9,24,23.7
2017,D,K600,24.7246329115468,145.032276610323,-1d,33m,32d,57m,25263.5,25254.3,-680,16376.9,30107.2,-3.3,1.1,13.1,12.5,-24.9,19.8,21.8
2017,D,K600,21.0337112188005,144.169832447211,0d,-46m,26d,37m,26056.9,26054.5,-346.8,13058.7,29146,-3.5,0.9,14.4,14,-26.8,15.4,19.7
2017,D,K600,17.3390953914243,143.336797194244,0d,-1m,19d,44m,26750,26750,-5.8,9591.9,28417.7,-3.7,0.6,14.7,14.7,-28.5,10.9,17.5
2017,D,K600,13.6415334041455,142.526613691317,0d,41m,12d,21m,27327.1,27325.2,329.5,5984,27974.7,-3.8,0.4,14.2,14.6,-29.9,6.5,15.3
2017,D,K600,9.94174050169788,141.733586550876,1d,20m,4d,38m,27769.3,27761.8,646.8,2247.1,27860.1,-3.9,0.2,12.9,13.6,-31,2.8,13
2017,D,K600,6.2404110756772,140.95263567863,1d,55m,-3d,16m,28055.5,28039.8,936.4,-1601.5,28101.1,-4,0.1,10.8,11.8,-31.9,-0.1,10.8
2017,D,K600,2.53822665042802,140.179097850487,2d,25m,-11d,7m,28163.3,28138.1,1190.9,-5537.9,28702.6,-4,0,8.2,9.6,-32.4,-1.7,8.4
2017,D,K600,-1.16413872138413,139.40855924054,2d,52m,-18d,45m,28071.3,28036.1,1406.2,-9530.9,29645.2,-4,0,5.6,7.2,-32.5,-2,6
2017,D,K600,-4.86601455647539,138.636705804254,3d,16m,-26d,0m,27760.9,27715.9,1580.6,-13542.1,30887.8,-4,0.1,3.3,5.1,-32.1,-1,3.4
2017,D,K600,-8.56673069337941,137.859180696662,3d,37m,-32d,47m,27218.8,27164.8,1714.1,-17526.8,32373.6,-3.9,0.2,1.5,3.5,-31,1,0.7
2017,D,K600,-12.2656138194234,137.071438670657,3d,55m,-39d,2m,26439.6,26377.8,1806.9,-21435.7,34037.4,-3.8,0.3,0.7,2.7,-29.2,3.8,-1.8
2017,D,K600,-15.9619828933571,136.268587098947,4d,12m,-44d,46m,25426.6,25358.6,1858.9,-25218.9,35812.1,-3.6,0.5,0.9,2.9,-26.7,6.9,-4.2
2017,D,K600,-19.6551424306122,135.445201647034,4d,26m,-49d,60m,24192.4,24120.2,1868.5,-28828.9,37634.8,-3.4,0.7,2.1,3.9,-23.5,9.7,-6.1
2017,D,K600,-23.3443724195941,134.595101358382,4d,37m,-54d,46m,22756.6,22682.7,1832.3,-32224.4,39449.6,-3,0.9,4.1,5.7,-19.6,11.8,-7.2
2017,D,K600,-27.028913204669,133.711062577148,4d,44m,-59d,8m,21142.9,21070.8,1745.3,-35372.2,41209.4,-2.5,1,6.6,7.9,-15,12.8,-7.6
2017,D,K600,-30.7079431055591,132.784442321764,4d,44m,-63d,8m,19376.3,19310.1,1600.7,-38247.1,42875.2,-1.9,1.1,9.2,10.1,-10.1,12.6,-7
2017,D,K600,-34.3805455378519,131.804667667507,4d,34m,-66d,49m,17479.9,17424.5,1391,-40829.9,44414.3,-1.1,1.2,11.5,11.9,-4.9,11,-5.6
2017,D,K600,-38.0456607396461,130.758524911639,4d,6m,-70d,15m,15474.4,15434.7,1107.7,-43104.5,45798,-0.1,1.1,13,13,0.4,8.4,-3.5
2017,D,K600,-41.7020144041468,129.629144509828,3d,11m,-73d,28m,13379.9,13359.3,742.2,-45054.3,46999,1.2,1,13.4,13.1,5.5,4.9,-0.9
2017,D,K600,-45.34801074975,128.394513725578,1d,28m,-76d,29m,11220.2,11216.6,286.4,-46659.9,47990,3.1,0.9,12.2,12,10.3,0.9,2
2017,D,K600,-48.9815689407094,127.02523728701,-1d,41m,-79d,19m,9032.8,9028.9,-266.4,-47899.1,48743.4,5.7,0.6,9.2,9.6,14.7,-3.1,4.7
2017,D,K600,-52.5998661526481,125.481064814066,-7d,41m,-81d,57m,6887.5,6825.6,-921.4,-48748.3,49232.4,9.5,0.2,3.5,6,18.5,-6.7,7.1
2017,D,K600,-56.1989206816956,123.705327504286,-19d,54m,-84d,16m,4941.9,4647,-1681.6,-49186.4,49434,14.3,-0.5,-6.2,1.2,21.5,-9.4,8.8
2017,D,K600,-59.7728887689294,121.615695804613,-45d,2m,-85d,49m,3602.6,2545.9,-2549,-49199.9,49331.6,12.9,-1.4,-19.9,-4.6,23.6,-11,9.5
2017,D,K600,-63.3128233290895,119.088193601965,-80d,30m,-85d,49m,3574.8,590.1,-3525.7,-48787.4,48918.2,-6.6,-1.9,-26.2,-11,24.8,-11.1,9.1
2017,D,K600,-66.8043635397958,115.928311209006,-103d,48m,-84d,20m,4755.3,-1134.8,-4617.9,-47963.9,48199.1,-16.9,-1.5,-19.7,-17.9,24.7,-9.5,7.5
2017,D,K600,-70.2231652694478,111.816436446496,-113d,19m,-82d,15m,6359.2,-2517.1,-5839.8,-46762.4,47192.8,-17.2,-0.9,-11.4,-24.7,23.2,-6,4.4
2017,D,K600,-73.5252417479658,106.20110983447,-115d,12m,-79d,60m,7976.5,-3395.3,-7217.8,-45232.5,45930.4,-15.8,-0.4,-4.7,-31,19.8,-0.9,0
2017,D,K600,-76.6252301360968,98.0922359915781,-111d,44m,-77d,43m,9450.9,-3499.8,-8779,-43436.5,44452.8,-14.2,0.1,0.5,-36.4,14,5.9,-5.6
2017,D,K600,-79.346530445417,85.7367583622549,-102d,36m,-75d,30m,10717.6,-2339.4,-10459.2,-41443.1,42806.5,-12.7,0.6,4,-39.5,4.8,13.8,-12.3
2017,D,K600,-81.3261069225024,66.7248334122774,-86d,5m,-73d,21m,11753,803.4,-11725.5,-39319.2,41038.2,-11.3,1,5.7,-38.3,-8.3,22.3,-19.8
2017,D,K600,-81.9938676230039,41.2023779648454,-62d,40m,-71d,19m,12556.4,5764.6,-11155,-37124.4,39190.4,-10,1.3,5.6,-29.8,-21.6,30.9,-27.5
2017,D,K600,-81.0509020167329,16.499308751257,-39d,56m,-69d,22m,13140.3,10075.6,-8434.9,-34906.6,37297.9,-8.6,1.6,3.6,-18.3,-27.4,38.8,-35
2017,D,K600,-78.8996893555042,-1.1800346092626,-24d,13m,-67d,32m,13523.4,12333.1,-5547.6,-32702.1,35388,-7.2,1.7,-0.1,-11.7,-25.6,45.2,-41.8
2017,D,K600,-76.0889759012065,-12.608833165968,-14d,51m,-65d,48m,13726.4,13268.4,-3516.3,-30538.8,33481.9,-5.8,1.6,-5.3,-11.1,-20.8,49.7,-47.6
2017,D,K600,-72.9406125346883,-20.1717936912926,-9d,29m,-64d,10m,13770.5,13582.5,-2268,-28440.9,31599.2,-4.4,1.3,-11.7,-14.5,-15.6,51.9,-51.8
2017,D,K600,-69.6092623716475,-25.4633296111602,-6d,34m,-62d,38m,13678.6,13588.8,-1564.7,-26432.4,29762,-3.3,0.8,-18.8,-20.1,-10.7,51.4,-54.3
2017,D,K600,-66.1703824955563,-29.3740934285578,-5d,14m,-61d,13m,13477.9,13421.6,-1229.9,-24538.5,27996.2,-2.3,0.1,-26.1,-26.8,-6.6,48.5,-55.1
2017,D,K600,-62.6633720677764,-32.4027587573494,-4d,59m,-59d,54m,13202.7,13152.7,-1147.7,-22783.2,26332.2,-1.7,-0.9,-33.2,-33.6,-3.4,43.3,-54.1
2017,D,K600,-59.1103116722532,-34.8408361458388,-5d,31m,-58d,40m,12894.8,12835,-1240.1,-21184.7,24800.6,-1.4,-2.1,-39.7,-40,-1.2,36.4,-51.7
2017,D,K600,-55.5243741529314,-36.8672594982064,-6d,37m,-57d,28m,12600.3,12516.3,-1452,-19750.2,23427.3,-1.4,-3.4,-45.4,-45.7,0,28.1,-48.1
2017,D,K600,-51.9138517294248,-38.5969608022263,-8d,6m,-56d,12m,12364.7,12241.3,-1742.7,-18472.3,22228.7,-1.8,-4.8,-50,-50.5,0.5,19,-43.6
2017,D,K600,-48.2842154020223,-40.1067818789808,-9d,48m,-54d,48m,12226.7,12048.2,-2081.4,-17329.8,21208.8,-2.5,-6.3,-53.7,-54.5,0.3,9.3,-38.5
2017,D,K600,-44.6392325434547,-41.4499285526882,-11d,33m,-53d,8m,12213.5,11966.1,-2445.6,-16290,20360.1,-3.4,-7.7,-56.6,-57.8,-0.5,-0.8,-33.3
2017,D,K600,-40.9816055665942,-42.6643901214793,-13d,12m,-51d,8m,12339.8,12013.3,-2819.4,-15314,19666.9,-4.3,-9.2,-58.6,-60.6,-1.5,-11.1,-28.1
2017,D,K600,-37.3133533952897,-43.7780417571424,-14d,40m,-48d,43m,12609.7,12198.8,-3193,-14360.8,19111.2,-5.1,-10.7,-60.1,-62.8,-2.7,-21.9,-23.1
2017,D,K600,-33.6360480323262,-44.8118487850479,-15d,52m,-45d,48m,13020.9,12524.6,-3560.9,-13390.1,18677.2,-5.7,-12.3,-61,-64.5,-3.9,-33.2,-18.6
2017,D,K600,-29.9509658782166,-45.7819444102038,-16d,48m,-42d,20m,13567,12988.2,-3920.4,-12361.8,18354.2,-6,-14,-61.1,-65.4,-4.9,-45,-14.7
2017,D,K600,-26.259186928408,-46.7010166929887,-17d,27m,-38d,17m,14238.6,13583.4,-4269.7,-11235.6,18137.7,-6.1,-15.6,-60.4,-65.2,-5.8,-57.4,-11.7
2017,D,K600,-22.5616609888004,-47.5792596446752,-17d,51m,-33d,34m,15021.4,14298.1,-4605,-9970.4,18029.2,-5.9,-17.3,-58.6,-63.7,-6.6,-70,-9.9
2017,D,K600,-18.859252377662,-48.4250424118529,-18d,2m,-28d,13m,15893.1,15112.3,-4920.1,-8525.7,18035.5,-5.5,-18.9,-55.6,-60.8,-7,-82.6,-9.7
2017,D,K600,-15.1527702356371,-49.2453923205588,-18d,2m,-22d,12m,16821.3,15995.6,-5205.6,-6865.8,18168.6,-5,-20.2,-51.1,-56.2,-7.3,-94.5,-11.3
2017,D,K600,-11.4429889942184,-50.0463531179728,-17d,52m,-15d,37m,17763.7,16907,-5449.9,-4966.1,18444.8,-4.3,-21.2,-45.4,-50.1,-7.3,-105.3,-15
2017,D,K600,-7.73066211363373,-50.8332588752131,-17d,35m,-8d,35m,18671,17798.3,-5641.6,-2817.8,18882.4,-3.6,-21.7,-38.5,-42.6,-7.1,-114.3,-20.6
2017,D,K600,-4.01653115651756,-51.6109510451203,-17d,13m,-1d,16m,19493.7,18619.8,-5771.3,-431.1,19498.5,-2.9,-21.5,-30.8,-34.3,-6.6,-121.4,-27.7
2017,D,K600,-0.3013317669382,-52.3839582028795,-16d,48m,6d,7m,20188,19326.5,-5834.5,2165.8,20303.8,-2.2,-20.9,-22.7,-25.5,-5.8,-126.1,-35.7
2017,D,K600,3.41420228038388,-53.1566530407436,-16d,21m,13d,23m,20721.9,19884.2,-5832.2,4931.1,21300.5,-1.5,-19.7,-14.7,-16.6,-4.7,-128.6,-43.7
2017,D,K600,7.12933597889266,-53.9333983063362,-15d,53m,20d,21m,21077.3,20271.8,-5771.1,7817.3,22480.3,-0.9,-18.1,-7,-8.2,-3.3,-128.9,-51.1
2017,D,K600,10.8433300826037,-54.7186920724745,-15d,27m,26d,54m,21249.3,20481,-5662.3,10777.8,23826.3,-0.3,-16.4,-0.1,-0.6,-1.7,-127.4,-57.4
2017,D,K600,14.5554372821354,-55.5173226084997,-15d,4m,32d,57m,21242.2,20512.6,-5519.4,13772.1,25316,0.3,-14.7,6,6.2,0.2,-124.5,-62.5
2017,D,K600,18.2648966082613,-56.3345443019576,-14d,44m,38d,31m,21063.7,20371.4,-5355.8,16768.2,26923.1,0.8,-13,11.2,12.1,2.2,-120.6,-66.2
2017,D,K600,21.9709249073003,-57.1762887399086,-14d,29m,43d,37m,20720.9,20062.3,-5182.7,19741.1,28619.3,1.4,-11.4,15.5,17.2,4.3,-116,-68.6
2017,D,K600,25.6727039008555,-58.0494296299964,-14d,20m,48d,16m,20217.4,19587.4,-5007.6,22668.5,30374.4,2,-10,19.2,21.5,6.4,-111,-69.9
2017,D,K600,29.3693607997158,-58.96212782077,-14d,19m,52d,33m,19552.7,18945.9,-4833.5,25527.6,32155.4,2.5,-8.8,22.3,25.2,8.5,-105.7,-70.2
2017,D,K600,33.0599396307321,-59.9242948134344,-14d,24m,56d,30m,18725.2,18136.2,-4659.3,28290.9,33926.5,3.2,-7.7,24.9,28.4,10.6,-100.1,-69.7
2017,D,K600,36.7433589404501,-60.9482327289542,-14d,38m,60d,10m,17734.8,17159.4,-4480.9,30925.5,35649.9,3.9,-6.8,27,31.2,12.6,-94.4,-68.4
2017,D,K600,40.418349207973,-62.04954100888,-14d,60m,63d,35m,16586.9,16022,-4292.1,33394.2,37286.7,4.7,-6,28.8,33.7,14.5,-88.6,-66.5
2017,D,K600,44.0833592259343,-63.2484343411428,-15d,30m,66d,47m,15294.3,14738.2,-4086.4,35657.8,38799.4,5.6,-5.4,30.2,35.8,16.2,-82.8,-64.2
2017,D,K600,47.736413534664,-64.571710201115,-16d,8m,69d,47m,13878.6,13331.7,-3857.7,37679.8,40154.5,6.8,-4.8,31.2,37.6,17.7,-77.2,-61.6
2017,D,K600,50.2651084778996,-65.5826523687396,-16d,40m,71d,45m,12838.8,12299.2,-3682.8,38925.5,40988.2,7.7,-4.5,31.7,38.7,18.6,-73.3,-59.6
